Workbook
Name Dyn_Elev: OFFSET(Chart_Data!$C$2, 0, 0, Chart_Data!$P$2, 1)
Name Dyn_Grade: OFFSET(Chart_Data!$D$2, 0, 0, Chart_Data!$P$2, 1)
Name Dyn_Over: OFFSET(Chart_Data!$L$2, 0, 0, Chart_Data!$P$2, 1)
Name Dyn_STA: OFFSET(Chart_Data!$A$2, 0, 0, Chart_Data!$P$2, 1)
Name Dyn_STA_Dropdown: OFFSET(Chart_Data!$A$2, 0, 0, Chart_Data!$P$1, 1)
Name Dyn_Warn: OFFSET(Chart_Data!$K$2, 0, 0, Chart_Data!$P$2, 1)

Sheet Data_Monitoring
A1: Nama Jalan | B1: STA | C1: Jarak Kumulatif (m) | D1: Kelas Jalan | E1: Lebar Standar (m) | F1: Lebar Kiri (m) | G1: Lebar Kanan (m) | H1: Lebar Total (m) | I1: Status Lebar Jalan | J1: Elevasi As (m) | K1: Grade Longitudinal (%) | L1: Status Grade | M1: Label Grade (%) | N1: Keterangan Grade | O1: Crossfall Kiri (%) | P1: Status Crossfall Kiri | Q1: Crossfall Kanan (%) | R1: Status Crossfall Kanan | S1: Is_Regular_STA
A2: Jl Bontang | B2: 0+000 | C2: 0 | D2: Class 200 | E2: 30.8 | F2: 16.01 | G2: 14.26 | H2: 30.27 | I2: Nonstandard | J2: 101.04 | L2: N/A | N2: N/A | O2: -1.49 | P2: Nonstandard | Q2: 3.94 | R2: Standard | S2: 1
A3: Jl Bontang | B3: 0+020 | C3: 20 | D3: Class 200 | E3: 30.8 | F3: 18.11 | G3: 13.76 | H3: 31.87 | I3: Standard | J3: 100.68 | K3: -1.78 | L3: Aman | M3: 0.0178 | N3: Flat | O3: -4.21 | P3: Nonstandard | Q3: 4.28 | R3: Nonstandard | S3: 1
A4: Jl Bontang | B4: 0+040 | C4: 40 | D4: Class 200 | E4: 30.8 | F4: 16.22 | G4: 15.83 | H4: 32.05 | I4: Standard | J4: 100.53 | K4: -0.76 | L4: Aman | M4: 0.0076 | N4: Flat | O4: -1.82 | P4: Nonstandard | Q4: 3.59 | R4: Standard | S4: 1
A5: Jl Bontang | B5: 0+060 | C5: 60 | D5: Class 200 | E5: 30.8 | F5: 16.22 | G5: 20 | H5: 36.22 | I5: Standard | J5: 100.99 | K5: 2.28 | L5: Aman | M5: 0.0228 | N5: Tanjakan/Turunan | O5: 2.58 | P5: Standard | Q5: 4.19 | R5: Nonstandard | S5: 1
A6: Jl Bontang | B6: 0+080 | C6: 80 | D6: Class 200 | E6: 30.8 | F6: 15.12 | G6: 20 | H6: 35.12 | I6: Standard | J6: 100.22 | K6: -3.83 | L6: Aman | M6: 0.0383 | N6: Tanjakan/Turunan | O6: -2.78 | P6: Standard | Q6: 5.73 | R6: Nonstandard | S6: 1
A7: Jl Bontang | B7: 0+100 | C7: 100 | D7: Class 200 | E7: 30.8 | F7: 15.63 | G7: 20 | H7: 35.63 | I7: Standard | J7: 99.92 | K7: -1.48 | L7: Aman | M7: 0.0148 | N7: Flat | O7: -4.36 | P7: Nonstandard | Q7: 5.98 | R7: Nonstandard | S7: 1
A8: Jl Bontang | B8: 0+120 | C8: 120 | D8: Class 200 | E8: 30.8 | F8: 16.82 | G8: 20 | H8: 36.82 | I8: Standard | J8: 99.76 | K8: -0.79 | L8: Aman | M8: 0.0079 | N8: Flat | O8: -3.53 | P8: Standard | Q8: 2.42 | R8: Standard | S8: 1
A9: Jl Bontang | B9: 0+140 | C9: 140 | D9: Class 200 | E9: 30.8 | F9: 17.53 | G9: 17.9 | H9: 35.44 | I9: Standard | J9: 99.77 | K9: 0.01 | L9: Aman | M9: 0.0001 | N9: Flat | O9: -4.02 | P9: Nonstandard | Q9: 3.49 | R9: Standard | S9: 1
A10: Jl Bontang | B10: 0+160 | C10: 160 | D10: Class 200 | E10: 30.8 | F10: 17.09 | G10: 16.44 | H10: 33.54 | I10: Standard | J10: 99.84 | K10: 0.37 | L10: Aman | M10: 0.0037 | N10: Flat | O10: -2.71 | P10: Standard | Q10: 2.78 | R10: Standard | S10: 1
A11: Jl Bontang | B11: 0+180 | C11: 180 | D11: Class 200 | E11: 30.8 | F11: 17.04 | G11: 15.47 | H11: 32.51 | I11: Standard | J11: 99.94 | K11: 0.49 | L11: Aman | M11: 0.0049 | N11: Flat | O11: -1.36 | P11: Nonstandard | Q11: 2.74 | R11: Standard | S11: 1
A12: Jl Bontang | B12: 0+200 | C12: 200 | D12: Class 200 | E12: 30.8 | F12: 17 | G12: 15.51 | H12: 32.51 | I12: Standard | J12: 100.21 | K12: 1.38 | L12: Aman | M12: 0.0138 | N12: Flat | O12: 0.01 | P12: Nonstandard | Q12: 3.39 | R12: Standard | S12: 1
A13: Jl Bontang | B13: 0+220 | C13: 220 | D13: Class 200 | E13: 30.8 | F13: 17.33 | G13: 16.97 | H13: 34.3 | I13: Standard | J13: 100.51 | K13: 1.47 | L13: Aman | M13: 0.0147 | N13: Flat | O13: 0.14 | P13: Nonstandard | Q13: 4.67 | R13: Nonstandard | S13: 1
A14: Jl Bontang | B14: 0+240 | C14: 240 | D14: Class 200 | E14: 30.8 | F14: 17.14 | G14: 16.97 | H14: 34.12 | I14: Standard | J14: 100.64 | K14: 0.65 | L14: Aman | M14: 0.0065 | N14: Flat | O14: -1.17 | P14: Nonstandard | Q14: 4.21 | R14: Nonstandard | S14: 1
... A53: Jl Bontang | B53: 1+006.9 | C53: 1006.857 | D53: Class 200 | E53: 30.8 | F53: 17.06 | G53: 20 | H53: 37.06 | I53: Standard | J53: 87.2 | K53: -22.12 | L53: Overgrade | M53: 0.2212 | N53: Tanjakan/Turunan | O53: 3.11 | P53: Standard | Q53: 0.53 | R53: Nonstandard | S53: 0
A54: Jl Sangatta | B54: 0+000 | C54: 0 | D54: Class 200 | E54: 30.8 | F54: 20 | G54: 20 | H54: 40 | I54: Standard | J54: 100.75 | L54: N/A | N54: N/A | O54: -2 | P54: Standard | Q54: -2.4 | R54: Standard | S54: 1
A55: Jl Sangatta | B55: 0+020 | C55: 20 | D55: Class 200 | E55: 30.8 | F55: 20 | G55: 20 | H55: 40 | I55: Standard | J55: 98.05 | K55: -13.54 | L55: Overgrade | M55: 0.1354 | N55: Tanjakan/Turunan | O55: 4.15 | P55: Nonstandard | Q55: -3.03 | R55: Standard | S55: 1
A56: Jl Sangatta | B56: 0+040 | C56: 40 | D56: Class 200 | E56: 30.8 | F56: 20 | G56: 16.97 | H56: 36.97 | I56: Standard | J56: 96.68 | K56: -6.84 | L56: Aman | M56: 0.0684 | N56: Tanjakan/Turunan | O56: 2.02 | P56: Standard | Q56: -0.89 | R56: Nonstandard | S56: 1
A57: Jl Sangatta | B57: 0+060 | C57: 60 | D57: Class 200 | E57: 30.8 | F57: 16.54 | G57: 15.69 | H57: 32.23 | I57: Standard | J57: 95.39 | K57: -6.46 | L57: Aman | M57: 0.0646 | N57: Tanjakan/Turunan | O57: 2.08 | P57: Standard | Q57: -11.67 | R57: Nonstandard | S57: 1
A58: Jl Sangatta | B58: 0+080 | C58: 80 | D58: Class 200 | E58: 30.8 | F58: 13.73 | G58: 14.29 | H58: 28.02 | I58: Nonstandard | J58: 94.01 | K58: -6.87 | L58: Aman | M58: 0.0687 | N58: Tanjakan/Turunan | O58: 1.77 | P58: Nonstandard | Q58: 1.34 | R58: Nonstandard | S58: 1
A59: Jl Sangatta | B59: 0+100 | C59: 100 | D59: Class 200 | E59: 30.8 | F59: 11.94 | G59: 15.69 | H59: 27.63 | I59: Nonstandard | J59: 92.6 | K59: -7.08 | L59: Aman | M59: 0.0708 | N59: Tanjakan/Turunan | O59: 4.34 | P59: Nonstandard | Q59: -0.84 | R59: Nonstandard | S59: 1
A60: Jl Sangatta | B60: 0+120 | C60: 120 | D60: Class 200 | E60: 30.8 | F60: 11.67 | G60: 15.35 | H60: 27.02 | I60: Nonstandard | J60: 91.2 | K60: -7.01 | L60: Aman | M60: 0.0701 | N60: Tanjakan/Turunan | O60: 3.75 | P60: Standard | Q60: -1.55 | R60: Nonstandard | S60: 1
A61: Jl Sangatta | B61: 0+140 | C61: 140 | D61: Class 200 | E61: 30.8 | F61: 11.92 | G61: 16.27 | H61: 28.19 | I61: Nonstandard | J61: 90.09 | K61: -5.52 | L61: Aman | M61: 0.0552 | N61: Tanjakan/Turunan | O61: 4.25 | P61: Nonstandard | Q61: -0.74 | R61: Nonstandard | S61: 1
A62: Jl Sangatta | B62: 0+160 | C62: 160 | D62: Class 200 | E62: 30.8 | F62: 14.14 | G62: 16.27 | H62: 30.41 | I62: Nonstandard | J62: 90.38 | K62: 1.42 | L62: Aman | M62: 0.0142 | N62: Flat | O62: 2.23 | P62: Standard | Q62: 1.65 | R62: Nonstandard | S62: 1
A63: Jl Sangatta | B63: 0+180 | C63: 180 | D63: Class 200 | E63: 30.8 | F63: 14.67 | G63: 16.62 | H63: 31.28 | I63: Standard | J63: 87.61 | K63: -13.81 | L63: Overgrade | M63: 0.1381 | N63: Tanjakan/Turunan | O63: 2.59 | P63: Standard | Q63: -3.63 | R63: Standard | S63: 1
A64: Jl Sangatta | B64: 0+200 | C64: 200 | D64: Class 200 | E64: 30.8 | F64: 15.13 | G64: 16.01 | H64: 31.13 | I64: Standard | J64: 86.6 | K64: -5.05 | L64: Aman | M64: 0.0505 | N64: Tanjakan/Turunan | O64: 3.76 | P64: Standard | Q64: -1.75 | R64: Nonstandard | S64: 1
A65: Jl Sangatta | B65: 0+220 | C65: 220 | D65: Class 200 | E65: 30.8 | F65: 15.42 | G65: 16.14 | H65: 31.57 | I65: Standard | J65: 85.57 | K65: -5.18 | L65: Aman | M65: 0.0518 | N65: Tanjakan/Turunan | O65: 3.12 | P65: Standard | Q65: -2.61 | R65: Standard | S65: 1
A66: Jl Sangatta | B66: 0+240 | C66: 240 | D66: Class 200 | E66: 30.8 | F66: 15 | G66: 16.4 | H66: 31.4 | I66: Standard | J66: 84.81 | K66: -3.77 | L66: Aman | M66: 0.0377 | N66: Tanjakan/Turunan | O66: 4.04 | P66: Nonstandard | Q66: -0.34 | R66: Nonstandard | S66: 1
... A119: Jl Sangatta | B119: 1+289.2 | C119: 1289.175 | D119: Class 200 | E119: 30.8 | F119: 20 | G119: 15.27 | H119: 35.27 | I119: Standard | J119: 77.07 | K119: 1.18 | L119: Aman | M119: 0.0118 | N119: Flat | O119: 1.3 | P119: Nonstandard | Q119: 3.51 | R119: Standard | S119: 0
A120: Jl Makassar | B120: 0+000 | C120: 0 | D120: Class 200 | E120: 30.8 | F120: 20 | G120: 20 | H120: 40 | I120: Standard | J120: 84.93 | L120: N/A | N120: N/A | O120: -0.6 | P120: Nonstandard | Q120: 4.96 | R120: Nonstandard | S120: 1
A121: Jl Makassar | B121: 0+020 | C121: 20 | D121: Class 200 | E121: 30.8 | F121: 20 | G121: 20 | H121: 40 | I121: Standard | J121: 84.42 | K121: -2.55 | L121: Aman | M121: 0.0255 | N121: Tanjakan/Turunan | O121: 13.03 | P121: Nonstandard | Q121: 3.27 | R121: Standard | S121: 1
A122: Jl Makassar | B122: 0+040 | C122: 40 | D122: Class 200 | E122: 30.8 | F122: 18.49 | G122: 20 | H122: 38.49 | I122: Standard | J122: 82.03 | K122: -11.93 | L122: Overgrade | M122: 0.1193 | N122: Tanjakan/Turunan | O122: 8.5 | P122: Nonstandard | Q122: 2.86 | R122: Standard | S122: 1
A123: Jl Makassar | B123: 0+060 | C123: 60 | D123: Class 200 | E123: 30.8 | F123: 18.08 | G123: 20 | H123: 38.08 | I123: Standard | J123: 80.84 | K123: -5.98 | L123: Aman | M123: 0.0598 | N123: Tanjakan/Turunan | O123: 8.85 | P123: Nonstandard | Q123: 4.66 | R123: Nonstandard | S123: 1
A124: Jl Makassar | B124: 0+080 | C124: 80 | D124: Class 200 | E124: 30.8 | F124: 17.44 | G124: 16.9 | H124: 34.34 | I124: Standard | J124: 79.09 | K124: -8.72 | L124: Warning | M124: 0.0872 | N124: Tanjakan/Turunan | O124: 7.28 | P124: Nonstandard | Q124: 6.49 | R124: Nonstandard | S124: 1
A125: Jl Makassar | B125: 0+100 | C125: 100 | D125: Class 200 | E125: 30.8 | F125: 18.08 | G125: 15.98 | H125: 34.06 | I125: Standard | J125: 76.95 | K125: -10.73 | L125: Overgrade | M125: 0.1073 | N125: Tanjakan/Turunan | O125: 0.19 | P125: Nonstandard | Q125: 6.29 | R125: Nonstandard | S125: 1
A126: Jl Makassar | B126: 0+120 | C126: 120 | D126: Class 200 | E126: 30.8 | F126: 20 | G126: 16.58 | H126: 36.58 | I126: Standard | J126: 75.82 | K126: -5.65 | L126: Aman | M126: 0.0565 | N126: Tanjakan/Turunan | O126: 0.14 | P126: Nonstandard | Q126: 5.59 | R126: Nonstandard | S126: 1
A127: Jl Makassar | B127: 0+140 | C127: 140 | D127: Class 200 | E127: 30.8 | F127: 20 | G127: 17.05 | H127: 37.05 | I127: Standard | J127: 75.09 | K127: -3.65 | L127: Aman | M127: 0.0365 | N127: Tanjakan/Turunan | O127: 0.3 | P127: Nonstandard | Q127: 4.88 | R127: Nonstandard | S127: 1
A128: Jl Makassar | B128: 0+160 | C128: 160 | D128: Class 200 | E128: 30.8 | F128: 20 | G128: 20 | H128: 40 | I128: Standard | J128: 74.39 | K128: -3.49 | L128: Aman | M128: 0.0349 | N128: Tanjakan/Turunan | O128: 0.71 | P128: Nonstandard | Q128: 2.89 | R128: Standard | S128: 1
A129: Jl Makassar | B129: 0+180 | C129: 180 | D129: Class 200 | E129: 30.8 | F129: 20 | G129: 20 | H129: 40 | I129: Standard | J129: 73.85 | K129: -2.7 | L129: Aman | M129: 0.027 | N129: Tanjakan/Turunan | O129: -1.53 | P129: Nonstandard | Q129: 4.18 | R129: Nonstandard | S129: 1
A130: Jl Makassar | B130: 0+200 | C130: 200 | D130: Class 200 | E130: 30.8 | F130: 20 | G130: 20 | H130: 40 | I130: Standard | J130: 73.56 | K130: -1.47 | L130: Aman | M130: 0.0147 | N130: Flat | O130: -1.14 | P130: Nonstandard | Q130: 5.8 | R130: Nonstandard | S130: 1
A131: Jl Makassar | B131: 0+220 | C131: 220 | D131: Class 200 | E131: 30.8 | F131: 20 | G131: 20 | H131: 40 | I131: Standard | J131: 73.08 | K131: -2.39 | L131: Aman | M131: 0.0239 | N131: Tanjakan/Turunan | O131: -1.22 | P131: Nonstandard | Q131: 5.96 | R131: Nonstandard | S131: 1
A132: Jl Makassar | B132: 0+240 | C132: 240 | D132: Class 200 | E132: 30.8 | F132: 20 | G132: 20 | H132: 40 | I132: Standard | J132: 72.56 | K132: -2.61 | L132: Aman | M132: 0.0261 | N132: Tanjakan/Turunan | O132: -1.51 | P132: Nonstandard | Q132: 5.19 | R132: Nonstandard | S132: 1
... A227: Jl Makassar | B227: 2+120.1 | C227: 2120.134 | D227: Class 200 | E227: 30.8 | F227: 20 | G227: 20 | H227: 40 | I227: Standard | J227: 69.64 | K227: -9.48 | L227: Overgrade | M227: 0.0948 | N227: Tanjakan/Turunan | O227: 0.12 | P227: Nonstandard | Q227: 3.67 | R227: Standard | S227: 0
A228: Jl Banjarmasin Atas | B228: 0+000 | C228: 0 | D228: Class 200 | E228: 30.8 | F228: 20 | G228: 20 | H228: 40 | I228: Standard | J228: 69.22 | L228: N/A | N228: N/A | O228: -1.52 | P228: Nonstandard | Q228: 1.6 | R228: Nonstandard | S228: 1
A229: Jl Banjarmasin Atas | B229: 0+020 | C229: 20 | D229: Class 200 | E229: 30.8 | F229: 20 | G229: 20 | H229: 40 | I229: Standard | J229: 70.59 | K229: 6.86 | L229: Aman | M229: 0.0686 | N229: Tanjakan/Turunan | O229: -0.72 | P229: Nonstandard | Q229: 0.73 | R229: Nonstandard | S229: 1
A230: Jl Banjarmasin Atas | B230: 0+040 | C230: 40 | D230: Class 200 | E230: 30.8 | F230: 18.3 | G230: 20 | H230: 38.3 | I230: Standard | J230: 70.55 | K230: -0.18 | L230: Aman | M230: 0.0018 | N230: Flat | O230: -2.05 | P230: Standard | Q230: 0.28 | R230: Nonstandard | S230: 1
A231: Jl Banjarmasin Atas | B231: 0+060 | C231: 60 | D231: Class 200 | E231: 30.8 | F231: 17.84 | G231: 20 | H231: 37.84 | I231: Standard | J231: 71.33 | K231: 3.91 | L231: Aman | M231: 0.0391 | N231: Tanjakan/Turunan | O231: -1.91 | P231: Nonstandard | Q231: 0.73 | R231: Nonstandard | S231: 1
A232: Jl Banjarmasin Atas | B232: 0+080 | C232: 80 | D232: Class 200 | E232: 30.8 | F232: 17.54 | G232: 20 | H232: 37.54 | I232: Standard | J232: 72.39 | K232: 5.29 | L232: Aman | M232: 0.0529 | N232: Tanjakan/Turunan | O232: -1.65 | P232: Nonstandard | Q232: -0.81 | R232: Nonstandard | S232: 1
A233: Jl Banjarmasin Atas | B233: 0+100 | C233: 100 | D233: Class 200 | E233: 30.8 | F233: 17.54 | G233: 15.89 | H233: 33.43 | I233: Standard | J233: 73.95 | K233: 7.77 | L233: Aman | M233: 0.0777 | N233: Tanjakan/Turunan | O233: -0.59 | P233: Nonstandard | Q233: 2.23 | R233: Standard | S233: 1
A234: Jl Banjarmasin Atas | B234: 0+120 | C234: 120 | D234: Class 200 | E234: 30.8 | F234: 17.13 | G234: 16.26 | H234: 33.39 | I234: Standard | J234: 75.33 | K234: 6.92 | L234: Aman | M234: 0.0692 | N234: Tanjakan/Turunan | O234: -1.28 | P234: Nonstandard | Q234: 3.1 | R234: Standard | S234: 1
A235: Jl Banjarmasin Atas | B235: 0+140 | C235: 140 | D235: Class 200 | E235: 30.8 | F235: 16.95 | G235: 15.63 | H235: 32.59 | I235: Standard | J235: 76.69 | K235: 6.78 | L235: Aman | M235: 0.0678 | N235: Tanjakan/Turunan | O235: -1.28 | P235: Nonstandard | Q235: 3.61 | R235: Standard | S235: 1
A236: Jl Banjarmasin Atas | B236: 0+160 | C236: 160 | D236: Class 200 | E236: 30.8 | F236: 16.04 | G236: 15.4 | H236: 31.44 | I236: Standard | J236: 78.05 | K236: 6.81 | L236: Aman | M236: 0.0681 | N236: Tanjakan/Turunan | O236: -2.3 | P236: Standard | Q236: 3.28 | R236: Standard | S236: 1
A237: Jl Banjarmasin Atas | B237: 0+180 | C237: 180 | D237: Class 200 | E237: 30.8 | F237: 16.13 | G237: 15.66 | H237: 31.79 | I237: Standard | J237: 79.45 | K237: 7.03 | L237: Aman | M237: 0.0703 | N237: Tanjakan/Turunan | O237: -0.4 | P237: Nonstandard | Q237: 2.34 | R237: Standard | S237: 1
A238: Jl Banjarmasin Atas | B238: 0+200 | C238: 200 | D238: Class 200 | E238: 30.8 | F238: 15.74 | G238: 14.87 | H238: 30.61 | I238: Nonstandard | J238: 80.71 | K238: 6.28 | L238: Aman | M238: 0.0628 | N238: Tanjakan/Turunan | O238: 0.17 | P238: Nonstandard | Q238: 2.3 | R238: Standard | S238: 1
A239: Jl Banjarmasin Atas | B239: 0+220 | C239: 220 | D239: Class 200 | E239: 30.8 | F239: 15.79 | G239: 14.76 | H239: 30.55 | I239: Nonstandard | J239: 81.82 | K239: 5.54 | L239: Aman | M239: 0.0554 | N239: Tanjakan/Turunan | O239: 0.78 | P239: Nonstandard | Q239: 2.8 | R239: Standard | S239: 1
A240: Jl Banjarmasin Atas | B240: 0+240 | C240: 240 | D240: Class 200 | E240: 30.8 | F240: 15.79 | G240: 14.97 | H240: 30.76 | I240: Nonstandard | J240: 82.66 | K240: 4.19 | L240: Aman | M240: 0.0419 | N240: Tanjakan/Turunan | O240: 0.19 | P240: Nonstandard | Q240: 0.83 | R240: Nonstandard | S240: 1
... A272: Jl Banjarmasin Atas | B272: 0+873.6 | C272: 873.566 | D272: Class 200 | E272: 30.8 | F272: 14.36 | G272: 16.52 | H272: 30.88 | I272: Standard | J272: 113.86 | K272: 6.34 | L272: Aman | M272: 0.0634 | N272: Tanjakan/Turunan | O272: -2.5 | P272: Standard | Q272: -1.72 | R272: Nonstandard | S272: 0
A273: Jl BPP Ambon | B273: 0+000 | C273: 0 | D273: Class 200 | E273: 30.8 | F273: 14.36 | G273: 15.47 | H273: 29.84 | I273: Nonstandard | J273: 115.24 | L273: N/A | N273: N/A | O273: -1.52 | P273: Nonstandard | Q273: 6.33 | R273: Nonstandard | S273: 1
A274: Jl BPP Ambon | B274: 0+020 | C274: 20 | D274: Class 200 | E274: 30.8 | F274: 12.85 | G274: 15.47 | H274: 28.33 | I274: Nonstandard | J274: 114.45 | K274: -3.97 | L274: Aman | M274: 0.0397 | N274: Tanjakan/Turunan | O274: -0.54 | P274: Nonstandard | Q274: 1.07 | R274: Nonstandard | S274: 1
A275: Jl BPP Ambon | B275: 0+040 | C275: 40 | D275: Class 200 | E275: 30.8 | F275: 14.25 | G275: 12 | H275: 26.25 | I275: Nonstandard | J275: 114.45 | K275: -0.02 | L275: Aman | M275: 0.0002 | N275: Flat | O275: -0.13 | P275: Nonstandard | Q275: 1.74 | R275: Nonstandard | S275: 1
A276: Jl BPP Ambon | B276: 0+060 | C276: 60 | D276: Class 200 | E276: 30.8 | F276: 14.25 | G276: 6.75 | H276: 21 | I276: Nonstandard | J276: 114.57 | K276: 0.63 | L276: Aman | M276: 0.0063 | N276: Flat | O276: 3.81 | P276: Standard | Q276: -2.89 | R276: Standard | S276: 1
A277: Jl BPP Ambon | B277: 0+080 | C277: 80 | D277: Class 200 | E277: 30.8 | F277: 14.41 | G277: 12 | H277: 26.41 | I277: Nonstandard | J277: 114.66 | K277: 0.45 | L277: Aman | M277: 0.0045 | N277: Flat | O277: 2.13 | P277: Standard | Q277: -2.15 | R277: Standard | S277: 1
A278: Jl BPP Ambon | B278: 0+100 | C278: 100 | D278: Class 200 | E278: 30.8 | F278: 15.45 | G278: 14.86 | H278: 30.31 | I278: Nonstandard | J278: 114.62 | K278: -0.22 | L278: Aman | M278: 0.0022 | N278: Flat | O278: 1.83 | P278: Nonstandard | Q278: -2.62 | R278: Standard | S278: 1
A279: Jl BPP Ambon | B279: 0+120 | C279: 120 | D279: Class 200 | E279: 30.8 | F279: 16.63 | G279: 14.86 | H279: 31.49 | I279: Standard | J279: 115.42 | K279: 3.99 | L279: Aman | M279: 0.0399 | N279: Tanjakan/Turunan | O279: 1.64 | P279: Nonstandard | Q279: -0.94 | R279: Nonstandard | S279: 1
A280: Jl BPP Ambon | B280: 0+140 | C280: 140 | D280: Class 200 | E280: 30.8 | F280: 16.54 | G280: 17.1 | H280: 33.64 | I280: Standard | J280: 114.57 | K280: -4.26 | L280: Aman | M280: 0.0426 | N280: Tanjakan/Turunan | O280: 2.03 | P280: Standard | Q280: -1.1 | R280: Nonstandard | S280: 1
A281: Jl BPP Ambon | B281: 0+160 | C281: 160 | D281: Class 200 | E281: 30.8 | F281: 16.45 | G281: 17.1 | H281: 33.55 | I281: Standard | J281: 114.4 | K281: -0.84 | L281: Aman | M281: 0.0084 | N281: Flat | O281: -0.64 | P281: Nonstandard | Q281: -1.18 | R281: Nonstandard | S281: 1
A282: Jl BPP Ambon | B282: 0+180 | C282: 180 | D282: Class 200 | E282: 30.8 | F282: 17.33 | G282: 17.1 | H282: 34.43 | I282: Standard | J282: 115.81 | K282: 7.04 | L282: Aman | M282: 0.0704 | N282: Tanjakan/Turunan | O282: 0.12 | P282: Nonstandard | Q282: -1.87 | R282: Nonstandard | S282: 1
A283: Jl BPP Ambon | B283: 0+200 | C283: 200 | D283: Class 200 | E283: 30.8 | F283: 17.33 | G283: 17.08 | H283: 34.41 | I283: Standard | J283: 114.62 | K283: -5.92 | L283: Aman | M283: 0.0592 | N283: Tanjakan/Turunan | O283: 1.04 | P283: Nonstandard | Q283: -1.69 | R283: Nonstandard | S283: 1
A284: Jl BPP Ambon | B284: 0+220 | C284: 220 | D284: Class 200 | E284: 30.8 | F284: 17.69 | G284: 17 | H284: 34.69 | I284: Standard | J284: 114.57 | K284: -0.28 | L284: Aman | M284: 0.0028 | N284: Flat | O284: -0.04 | P284: Nonstandard | Q284: -2.54 | R284: Standard | S284: 1
A285: Jl BPP Ambon | B285: 0+240 | C285: 240 | D285: Class 200 | E285: 30.8 | F285: 17.72 | G285: 16.18 | H285: 33.89 | I285: Standard | J285: 114.78 | K285: 1.1 | L285: Aman | M285: 0.011 | N285: Flat | O285: 0.86 | P285: Nonstandard | Q285: -2.29 | R285: Standard | S285: 1
... A339: Jl BPP Ambon | B339: 1+301.4 | C339: 1301.381 | D339: Class 200 | E339: 30.8 | F339: 20 | G339: 20 | H339: 40 | I339: Standard | J339: 110.41 | K339: -0.83 | L339: Aman | M339: 0.0083 | N339: Flat | O339: -1.59 | P339: Nonstandard | Q339: 1.36 | R339: Nonstandard | S339: 0
A340: Jl Flores New | B340: 0+000 | C340: 0 | D340: Class 150 | E340: 29.23 | F340: 20 | G340: 20 | H340: 40 | I340: Standard | J340: 100.51 | L340: N/A | N340: N/A | O340: 4.61 | P340: Nonstandard | Q340: -2.5 | R340: Standard | S340: 1
A341: Jl Flores New | B341: 0+020 | C341: 20 | D341: Class 150 | E341: 29.23 | F341: 20 | G341: 20 | H341: 40 | I341: Standard | J341: 99.4 | K341: -5.57 | L341: Aman | M341: 0.0557 | N341: Tanjakan/Turunan | O341: 3.83 | P341: Standard | Q341: -1.52 | R341: Nonstandard | S341: 1
A342: Jl Flores New | B342: 0+040 | C342: 40 | D342: Class 150 | E342: 29.23 | F342: 20 | G342: 20 | H342: 40 | I342: Standard | J342: 98.43 | K342: -4.81 | L342: Aman | M342: 0.0481 | N342: Tanjakan/Turunan | O342: 1.85 | P342: Nonstandard | Q342: -1.88 | R342: Nonstandard | S342: 1
A343: Jl Flores New | B343: 0+060 | C343: 60 | D343: Class 150 | E343: 29.23 | F343: 20 | G343: 20 | H343: 40 | I343: Standard | J343: 97.93 | K343: -2.54 | L343: Aman | M343: 0.0254 | N343: Tanjakan/Turunan | O343: 1.57 | P343: Nonstandard | Q343: 0.04 | R343: Nonstandard | S343: 1
A344: Jl Flores New | B344: 0+080 | C344: 80 | D344: Class 150 | E344: 29.23 | F344: 20 | G344: 20 | H344: 40 | I344: Standard | J344: 97.68 | K344: -1.21 | L344: Aman | M344: 0.0121 | N344: Flat | O344: -0.88 | P344: Nonstandard | Q344: -0.57 | R344: Nonstandard | S344: 1
A345: Jl Flores New | B345: 0+100 | C345: 100 | D345: Class 150 | E345: 29.23 | F345: 20 | G345: 17.27 | H345: 37.27 | I345: Standard | J345: 99.45 | K345: 8.83 | L345: Warning | M345: 0.0883 | N345: Tanjakan/Turunan | O345: -1.28 | P345: Nonstandard | Q345: 1.7 | R345: Nonstandard | S345: 1
A346: Jl Flores New | B346: 0+120 | C346: 120 | D346: Class 150 | E346: 29.23 | F346: 20 | G346: 17.28 | H346: 37.28 | I346: Standard | J346: 98.97 | K346: -2.39 | L346: Aman | M346: 0.0239 | N346: Tanjakan/Turunan | O346: -1.41 | P346: Nonstandard | Q346: 2.43 | R346: Standard | S346: 1
A347: Jl Flores New | B347: 0+140 | C347: 140 | D347: Class 150 | E347: 29.23 | F347: 16.55 | G347: 15.67 | H347: 32.22 | I347: Standard | J347: 98.88 | K347: -0.45 | L347: Aman | M347: 0.0045 | N347: Flat | O347: -7.13 | P347: Nonstandard | Q347: 1.19 | R347: Nonstandard | S347: 1
A348: Jl Flores New | B348: 0+160 | C348: 160 | D348: Class 150 | E348: 29.23 | F348: 16.55 | G348: 15.67 | H348: 32.22 | I348: Standard | J348: 97.82 | K348: -5.29 | L348: Aman | M348: 0.0529 | N348: Tanjakan/Turunan | O348: -2.14 | P348: Standard | Q348: -1.08 | R348: Nonstandard | S348: 1
A349: Jl Flores New | B349: 0+180 | C349: 180 | D349: Class 150 | E349: 29.23 | F349: 16.55 | G349: 14.67 | H349: 31.22 | I349: Standard | J349: 98.02 | K349: 0.97 | L349: Aman | M349: 0.0097 | N349: Flat | O349: -1.16 | P349: Nonstandard | Q349: 0.85 | R349: Nonstandard | S349: 1
A350: Jl Flores New | B350: 0+200 | C350: 200 | D350: Class 150 | E350: 29.23 | F350: 16.89 | G350: 15.79 | H350: 32.67 | I350: Standard | J350: 98.15 | K350: 0.67 | L350: Aman | M350: 0.0067 | N350: Flat | O350: -0.85 | P350: Nonstandard | Q350: 0.85 | R350: Nonstandard | S350: 1
A351: Jl Flores New | B351: 0+220 | C351: 220 | D351: Class 150 | E351: 29.23 | F351: 16.94 | G351: 17.32 | H351: 34.25 | I351: Standard | J351: 98.18 | K351: 0.11 | L351: Aman | M351: 0.0011 | N351: Flat | O351: -1.57 | P351: Nonstandard | Q351: -0.54 | R351: Nonstandard | S351: 1
A352: Jl Flores New | B352: 0+240 | C352: 240 | D352: Class 150 | E352: 29.23 | F352: 17.15 | G352: 17.32 | H352: 34.47 | I352: Standard | J352: 98.44 | K352: 1.34 | L352: Aman | M352: 0.0134 | N352: Flat | O352: 0.63 | P352: Nonstandard | Q352: -0.56 | R352: Nonstandard | S352: 1
... A414: Jl Flores New | B414: 1+465.3 | C414: 1465.294 | D414: Class 150 | E414: 29.23 | F414: 15.59 | G414: 20 | H414: 35.59 | I414: Standard | J414: 99.09 | K414: -9.29 | L414: Overgrade | M414: 0.0929 | N414: Tanjakan/Turunan | O414: 5.48 | P414: Nonstandard | Q414: -4.6 | R414: Nonstandard | S414: 0
A415: Jl Binjai | B415: 0+000 | C415: 0 | D415: Class 150 | E415: 29.23 | F415: 15.59 | G415: 20 | H415: 35.59 | I415: Standard | J415: 154.39 | L415: N/A | N415: N/A | O415: 2.92 | P415: Standard | Q415: -2.19 | R415: Standard | S415: 1
A416: Jl Binjai | B416: 0+020 | C416: 20 | D416: Class 150 | E416: 29.23 | F416: 15.58 | G416: 17.85 | H416: 33.43 | I416: Standard | J416: 153.09 | K416: -6.51 | L416: Aman | M416: 0.0651 | N416: Tanjakan/Turunan | O416: 3.44 | P416: Standard | Q416: -0.46 | R416: Nonstandard | S416: 1
A417: Jl Binjai | B417: 0+040 | C417: 40 | D417: Class 150 | E417: 29.23 | F417: 14.21 | G417: 16.99 | H417: 31.2 | I417: Standard | J417: 152.15 | K417: -4.72 | L417: Aman | M417: 0.0472 | N417: Tanjakan/Turunan | O417: 3.32 | P417: Standard | Q417: -1 | R417: Nonstandard | S417: 1
A418: Jl Binjai | B418: 0+060 | C418: 60 | D418: Class 150 | E418: 29.23 | F418: 13.75 | G418: 17.85 | H418: 31.6 | I418: Standard | J418: 151.62 | K418: -2.62 | L418: Aman | M418: 0.0262 | N418: Tanjakan/Turunan | O418: 1.51 | P418: Nonstandard | Q418: -0.72 | R418: Nonstandard | S418: 1
A419: Jl Binjai | B419: 0+080 | C419: 80 | D419: Class 150 | E419: 29.23 | F419: 14 | G419: 17.85 | H419: 31.85 | I419: Standard | J419: 151.07 | K419: -2.74 | L419: Aman | M419: 0.0274 | N419: Tanjakan/Turunan | O419: 1.5 | P419: Nonstandard | Q419: -0.9 | R419: Nonstandard | S419: 1
A420: Jl Binjai | B420: 0+100 | C420: 100 | D420: Class 150 | E420: 29.23 | F420: 14.5 | G420: 18.06 | H420: 32.56 | I420: Standard | J420: 150.6 | K420: -2.35 | L420: Aman | M420: 0.0235 | N420: Tanjakan/Turunan | O420: 3.34 | P420: Standard | Q420: -1.25 | R420: Nonstandard | S420: 1
A421: Jl Binjai | B421: 0+120 | C421: 120 | D421: Class 150 | E421: 29.23 | F421: 14.59 | G421: 20 | H421: 34.59 | I421: Standard | J421: 149.96 | K421: -3.19 | L421: Aman | M421: 0.0319 | N421: Tanjakan/Turunan | O421: 2.38 | P421: Standard | Q421: -2.3 | R421: Standard | S421: 1
A422: Jl Binjai | B422: 0+140 | C422: 140 | D422: Class 150 | E422: 29.23 | F422: 13.89 | G422: 18.06 | H422: 31.96 | I422: Standard | J422: 149.16 | K422: -4.03 | L422: Aman | M422: 0.0403 | N422: Tanjakan/Turunan | O422: 2.37 | P422: Standard | Q422: -1.16 | R422: Nonstandard | S422: 1
A423: Jl Binjai | B423: 0+160 | C423: 160 | D423: Class 150 | E423: 29.23 | F423: 13.25 | G423: 17.67 | H423: 30.92 | I423: Standard | J423: 148.6 | K423: -2.77 | L423: Aman | M423: 0.0277 | N423: Tanjakan/Turunan | O423: 1.72 | P423: Nonstandard | Q423: -0.83 | R423: Nonstandard | S423: 1
A424: Jl Binjai | B424: 0+180 | C424: 180 | D424: Class 150 | E424: 29.23 | F424: 12.56 | G424: 17.67 | H424: 30.23 | I424: Standard | J424: 148.16 | K424: -2.22 | L424: Aman | M424: 0.0222 | N424: Tanjakan/Turunan | O424: 5.02 | P424: Nonstandard | Q424: -0.86 | R424: Nonstandard | S424: 1
A425: Jl Binjai | B425: 0+200 | C425: 200 | D425: Class 150 | E425: 29.23 | F425: 12.5 | G425: 14.75 | H425: 27.25 | I425: Nonstandard | J425: 147.79 | K425: -1.85 | L425: Aman | M425: 0.0185 | N425: Flat | O425: 5.25 | P425: Nonstandard | Q425: 2.28 | R425: Standard | S425: 1
A426: Jl Binjai | B426: 0+220 | C426: 220 | D426: Class 150 | E426: 29.23 | F426: 12.25 | G426: 13.17 | H426: 25.42 | I426: Nonstandard | J426: 147.48 | K426: -1.52 | L426: Aman | M426: 0.0152 | N426: Flat | O426: 6.29 | P426: Nonstandard | Q426: 2.69 | R426: Standard | S426: 1
A427: Jl Binjai | B427: 0+240 | C427: 240 | D427: Class 150 | E427: 29.23 | F427: 11.96 | G427: 13.09 | H427: 25.05 | I427: Nonstandard | J427: 147.04 | K427: -2.22 | L427: Aman | M427: 0.0222 | N427: Tanjakan/Turunan | O427: 6.15 | P427: Nonstandard | Q427: 3.47 | R427: Standard | S427: 1
... A466: Jl Binjai | B466: 1+001.1 | C466: 1001.097 | D466: Class 150 | E466: 29.23 | F466: 15.88 | G466: 16.01 | H466: 31.89 | I466: Standard | J466: 133.48 | K466: -7.83 | L466: Aman | M466: 0.0783 | N466: Tanjakan/Turunan | O466: 0.58 | P466: Nonstandard | Q466: 3.79 | R466: Standard | S466: 0
A467: Jl Medan | B467: 0+000 | C467: 0 | D467: Class 150 | E467: 29.23 | F467: 15.17 | G467: 15.27 | H467: 30.44 | I467: Standard | J467: 133.7 | L467: N/A | N467: N/A | O467: 3.12 | P467: Standard | Q467: -1.65 | R467: Nonstandard | S467: 1
...

Sheet CrossSection_3Pts
A1: Key | B1: Nama Jalan | C1: STA | D1: Point | E1: Lebar_m | F1: Elevasi_RL
A2: Jl Bontang_0+000 | B2: Jl Bontang | C2: 0+000 | D2: Tepi Kiri | E2: 0 | F2: 101.25
A3: Jl Bontang_0+000 | B3: Jl Bontang | C3: 0+000 | D3: As Jalan | E3: 16.01 | F3: 101.04
A4: Jl Bontang_0+000 | B4: Jl Bontang | C4: 0+000 | D4: Tepi Kanan | E4: 30.27 | F4: 100.09
A5: Jl Bontang_0+020 | B5: Jl Bontang | C5: 0+020 | D5: Tepi Kiri | E5: 0 | F5: 101.36
A6: Jl Bontang_0+020 | B6: Jl Bontang | C6: 0+020 | D6: As Jalan | E6: 18.11 | F6: 100.68
A7: Jl Bontang_0+020 | B7: Jl Bontang | C7: 0+020 | D7: Tepi Kanan | E7: 31.87 | F7: 100.17
A8: Jl Bontang_0+040 | B8: Jl Bontang | C8: 0+040 | D8: Tepi Kiri | E8: 0 | F8: 100.79
A9: Jl Bontang_0+040 | B9: Jl Bontang | C9: 0+040 | D9: As Jalan | E9: 16.22 | F9: 100.53
A10: Jl Bontang_0+040 | B10: Jl Bontang | C10: 0+040 | D10: Tepi Kanan | E10: 32.05 | F10: 100.03
A11: Jl Bontang_0+060 | B11: Jl Bontang | C11: 0+060 | D11: Tepi Kiri | E11: 0 | F11: 100.62
A12: Jl Bontang_0+060 | B12: Jl Bontang | C12: 0+060 | D12: As Jalan | E12: 16.22 | F12: 100.99
A13: Jl Bontang_0+060 | B13: Jl Bontang | C13: 0+060 | D13: Tepi Kanan | E13: 36.22 | F13: 99.45
... A8737: Jl Metro_1+942.4 | B8737: Jl Metro | C8737: 1+942.4 | D8737: Tepi Kanan | E8737: 27.79 | F8737: 3.61
A8738: _0+000 | C8738: 0+000 | D8738: Tepi Kiri | E8738: 0 | F8738: -32.16
A8739: _0+000 | C8739: 0+000 | D8739: As Jalan | E8739: 20 | F8739: -32.37
A8740: _0+000 | C8740: 0+000 | D8740: Tepi Kanan | E8740: 29 | F8740: -32.17
A8741: _0+020 | C8741: 0+020 | D8741: Tepi Kiri | E8741: 0 | F8741: -31.39
A8742: _0+020 | C8742: 0+020 | D8742: As Jalan | E8742: 20 | F8742: -32.15
A8743: _0+020 | C8743: 0+020 | D8743: Tepi Kanan | E8743: 29 | F8743: -31.97
A8744: _0+024.7 | C8744: 0+024.7 | D8744: Tepi Kiri | E8744: 0 | F8744: -31.25
A8745: _0+024.7 | C8745: 0+024.7 | D8745: As Jalan | E8745: 20 | F8745: -31.84
A8746: _0+024.7 | C8746: 0+024.7 | D8746: Tepi Kanan | E8746: 28.5 | F8746: -31.56
A8747: _0+000 | C8747: 0+000 | D8747: Tepi Kiri | E8747: 0 | F8747: -30.53
A8748: _0+000 | C8748: 0+000 | D8748: As Jalan | E8748: 20 | F8748: -31.88
A8749: _0+000 | C8749: 0+000 | D8749: Tepi Kanan | E8749: 40 | F8749: -32.23
... A8758: _0+052.8 | C8758: 0+052.8 | D8758: Tepi Kanan | E8758: 29.42 | F8758: -30.84

Sheet Daftar_Pilihan
A1: Nama_Jalan
A2: Jl Bontang
A3: Jl Sangatta
A4: Jl Makassar
A5: Jl Banjarmasin Atas
A6: Jl BPP Ambon
A7: Jl Flores New
A8: Jl Binjai
A9: Jl Medan
A10: Jl Bone
A11: Jl Denpasar
A12: Jl Subang
... A37: Jl Metro

Sheet Chart_Data
A1: STA | B1: Jarak_m | C1: Elevasi_m | D1: Grade_pct | E1: Lebar_m | F1: Crossfall_L | G1: Crossfall_R | H1: Status_Grade | I1: Grade_Text | J1: Elev_Aman | K1: Elev_Warning | L1: Elev_Overgrade | M1: Is_Regular | N1: Active_STA | O1: Total_Pts | P1: =COUNTIF(Data_Monitoring!$A$2:$A$2920, Dashboard_Visual!$B$4) -> 52
A2: =IF(1<=COUNTIF(Data_Monitoring!$A$2:$A$2920, Dashboard_Visual!$B$4), INDEX(Data_Monitoring!$B$2:$B$2920, MATCH(Dashboard_Visual!$B$4, Data_Monitoring!$A$2:$A$2920, 0) + 1 - 1), "") -> 0+000 | B2: =IF(1<=COUNTIF(Data_Monitoring!$A$2:$A$2920, Dashboard_Visual!$B$4), INDEX(Data_Monitoring!$C$2:$C$2920, MATCH(Dashboard_Visual!$B$4, Data_Monitoring!$A$2:$A$2920, 0) + 1 - 1), "") -> 0 | C2: =IF(1<=COUNTIF(Data_Monitoring!$A$2:$A$2920, Dashboard_Visual!$B$4), INDEX(Data_Monitoring!$J$2:$J$2920, MATCH(Dashboard_Visual!$B$4, Data_Monitoring!$A$2:$A$2920, 0) + 1 - 1), NA()) -> 101.04 | D2: =IF(1<=COUNTIF(Data_Monitoring!$A$2:$A$2920, Dashboard_Visual!$B$4), INDEX(Data_Monitoring!$K$2:$K$2920, MATCH(Dashboard_Visual!$B$4, Data_Monitoring!$A$2:$A$2920, 0) + 1 - 1), NA()) -> 0 | E2: =IF(1<=COUNTIF(Data_Monitoring!$A$2:$A$2920, Dashboard_Visual!$B$4), INDEX(Data_Monitoring!$H$2:$H$2920, MATCH(Dashboard_Visual!$B$4, Data_Monitoring!$A$2:$A$2920, 0) + 1 - 1), 0) -> 30.27 | F2: =IF(1<=COUNTIF(Data_Monitoring!$A$2:$A$2920, Dashboard_Visual!$B$4), INDEX(Data_Monitoring!$O$2:$O$2920, MATCH(Dashboard_Visual!$B$4, Data_Monitoring!$A$2:$A$2920, 0) + 1 - 1), 0) -> -1.49 | G2: =IF(1<=COUNTIF(Data_Monitoring!$A$2:$A$2920, Dashboard_Visual!$B$4), INDEX(Data_Monitoring!$Q$2:$Q$2920, MATCH(Dashboard_Visual!$B$4, Data_Monitoring!$A$2:$A$2920, 0) + 1 - 1), 0) -> 3.94 | H2: =IF(1<=COUNTIF(Data_Monitoring!$A$2:$A$2920, Dashboard_Visual!$B$4), INDEX(Data_Monitoring!$L$2:$L$2920, MATCH(Dashboard_Visual!$B$4, Data_Monitoring!$A$2:$A$2920, 0) + 1 - 1), "") -> N/A | I2: =IF(AND(1<=$P$2, ISNUMBER(D2), OR(H2="Warning", H2="Overgrade")), TEXT(ABS(D2)/100, "0.00%"), "") | J2: =IF(H2="Aman", C2, NA()) -> #N/A | K2: =IF(AND(1<=$P$2, H2="Warning"), C2, NA()) -> #N/A | L2: =IF(AND(1<=$P$2, H2="Overgrade"), C2, NA()) -> #N/A | M2: =IF(1<=COUNTIF(Data_Monitoring!$A$2:$A$2920, Dashboard_Visual!$B$4), INDEX(Data_Monitoring!$S$2:$S$2920, MATCH(Dashboard_Visual!$B$4, Data_Monitoring!$A$2:$A$2920, 0) + 1 - 1), 1) -> 1 | N2: =IF(ISNUMBER(MATCH(Dashboard_Visual!$B$3, Chart_Data!$A$2:$A$247, 0)), Dashboard_Visual!$B$3, Chart_Data!$A$2) -> 0+040 | O2: Chart_Pts | P2: =P1 - IF(INDEX(M2:M247, P1)=0, 1, 0) -> 51
A3: =IF(2<=COUNTIF(Data_Monitoring!$A$2:$A$2920, Dashboard_Visual!$B$4), INDEX(Data_Monitoring!$B$2:$B$2920, MATCH(Dashboard_Visual!$B$4, Data_Monitoring!$A$2:$A$2920, 0) + 2 - 1), "") -> 0+020 | B3: =IF(2<=COUNTIF(Data_Monitoring!$A$2:$A$2920, Dashboard_Visual!$B$4), INDEX(Data_Monitoring!$C$2:$C$2920, MATCH(Dashboard_Visual!$B$4, Data_Monitoring!$A$2:$A$2920, 0) + 2 - 1), "") -> 20 | C3: =IF(2<=COUNTIF(Data_Monitoring!$A$2:$A$2920, Dashboard_Visual!$B$4), INDEX(Data_Monitoring!$J$2:$J$2920, MATCH(Dashboard_Visual!$B$4, Data_Monitoring!$A$2:$A$2920, 0) + 2 - 1), NA()) -> 100.68 | D3: =IF(2<=COUNTIF(Data_Monitoring!$A$2:$A$2920, Dashboard_Visual!$B$4), INDEX(Data_Monitoring!$K$2:$K$2920, MATCH(Dashboard_Visual!$B$4, Data_Monitoring!$A$2:$A$2920, 0) + 2 - 1), NA()) -> -1.78 | E3: =IF(2<=COUNTIF(Data_Monitoring!$A$2:$A$2920, Dashboard_Visual!$B$4), INDEX(Data_Monitoring!$H$2:$H$2920, MATCH(Dashboard_Visual!$B$4, Data_Monitoring!$A$2:$A$2920, 0) + 2 - 1), 0) -> 31.87 | F3: =IF(2<=COUNTIF(Data_Monitoring!$A$2:$A$2920, Dashboard_Visual!$B$4), INDEX(Data_Monitoring!$O$2:$O$2920, MATCH(Dashboard_Visual!$B$4, Data_Monitoring!$A$2:$A$2920, 0) + 2 - 1), 0) -> -4.21 | G3: =IF(2<=COUNTIF(Data_Monitoring!$A$2:$A$2920, Dashboard_Visual!$B$4), INDEX(Data_Monitoring!$Q$2:$Q$2920, MATCH(Dashboard_Visual!$B$4, Data_Monitoring!$A$2:$A$2920, 0) + 2 - 1), 0) -> 4.28 | H3: =IF(2<=COUNTIF(Data_Monitoring!$A$2:$A$2920, Dashboard_Visual!$B$4), INDEX(Data_Monitoring!$L$2:$L$2920, MATCH(Dashboard_Visual!$B$4, Data_Monitoring!$A$2:$A$2920, 0) + 2 - 1), "") -> Aman | I3: =IF(AND(2<=$P$2, ISNUMBER(D3), OR(H3="Warning", H3="Overgrade")), TEXT(ABS(D3)/100, "0.00%"), "") | J3: =IF(H3="Aman", C3, NA()) -> 100.68 | K3: =IF(AND(2<=$P$2, H3="Warning"), C3, NA()) -> #N/A | L3: =IF(AND(2<=$P$2, H3="Overgrade"), C3, NA()) -> #N/A | M3: =IF(2<=COUNTIF(Data_Monitoring!$A$2:$A$2920, Dashboard_Visual!$B$4), INDEX(Data_Monitoring!$S$2:$S$2920, MATCH(Dashboard_Visual!$B$4, Data_Monitoring!$A$2:$A$2920, 0) + 2 - 1), 1) -> 1
A4: =IF(3<=COUNTIF(Data_Monitoring!$A$2:$A$2920, Dashboard_Visual!$B$4), INDEX(Data_Monitoring!$B$2:$B$2920, MATCH(Dashboard_Visual!$B$4, Data_Monitoring!$A$2:$A$2920, 0) + 3 - 1), "") -> 0+040 | B4: =IF(3<=COUNTIF(Data_Monitoring!$A$2:$A$2920, Dashboard_Visual!$B$4), INDEX(Data_Monitoring!$C$2:$C$2920, MATCH(Dashboard_Visual!$B$4, Data_Monitoring!$A$2:$A$2920, 0) + 3 - 1), "") -> 40 | C4: =IF(3<=COUNTIF(Data_Monitoring!$A$2:$A$2920, Dashboard_Visual!$B$4), INDEX(Data_Monitoring!$J$2:$J$2920, MATCH(Dashboard_Visual!$B$4, Data_Monitoring!$A$2:$A$2920, 0) + 3 - 1), NA()) -> 100.53 | D4: =IF(3<=COUNTIF(Data_Monitoring!$A$2:$A$2920, Dashboard_Visual!$B$4), INDEX(Data_Monitoring!$K$2:$K$2920, MATCH(Dashboard_Visual!$B$4, Data_Monitoring!$A$2:$A$2920, 0) + 3 - 1), NA()) -> -0.76 | E4: =IF(3<=COUNTIF(Data_Monitoring!$A$2:$A$2920, Dashboard_Visual!$B$4), INDEX(Data_Monitoring!$H$2:$H$2920, MATCH(Dashboard_Visual!$B$4, Data_Monitoring!$A$2:$A$2920, 0) + 3 - 1), 0) -> 32.05 | F4: =IF(3<=COUNTIF(Data_Monitoring!$A$2:$A$2920, Dashboard_Visual!$B$4), INDEX(Data_Monitoring!$O$2:$O$2920, MATCH(Dashboard_Visual!$B$4, Data_Monitoring!$A$2:$A$2920, 0) + 3 - 1), 0) -> -1.82 | G4: =IF(3<=COUNTIF(Data_Monitoring!$A$2:$A$2920, Dashboard_Visual!$B$4), INDEX(Data_Monitoring!$Q$2:$Q$2920, MATCH(Dashboard_Visual!$B$4, Data_Monitoring!$A$2:$A$2920, 0) + 3 - 1), 0) -> 3.59 | H4: =IF(3<=COUNTIF(Data_Monitoring!$A$2:$A$2920, Dashboard_Visual!$B$4), INDEX(Data_Monitoring!$L$2:$L$2920, MATCH(Dashboard_Visual!$B$4, Data_Monitoring!$A$2:$A$2920, 0) + 3 - 1), "") -> Aman | I4: =IF(AND(3<=$P$2, ISNUMBER(D4), OR(H4="Warning", H4="Overgrade")), TEXT(ABS(D4)/100, "0.00%"), "") | J4: =IF(H4="Aman", C4, NA()) -> 100.53 | K4: =IF(AND(3<=$P$2, H4="Warning"), C4, NA()) -> #N/A | L4: =IF(AND(3<=$P$2, H4="Overgrade"), C4, NA()) -> #N/A | M4: =IF(3<=COUNTIF(Data_Monitoring!$A$2:$A$2920, Dashboard_Visual!$B$4), INDEX(Data_Monitoring!$S$2:$S$2920, MATCH(Dashboard_Visual!$B$4, Data_Monitoring!$A$2:$A$2920, 0) + 3 - 1), 1) -> 1
A5: =IF(4<=COUNTIF(Data_Monitoring!$A$2:$A$2920, Dashboard_Visual!$B$4), INDEX(Data_Monitoring!$B$2:$B$2920, MATCH(Dashboard_Visual!$B$4, Data_Monitoring!$A$2:$A$2920, 0) + 4 - 1), "") -> 0+060 | B5: =IF(4<=COUNTIF(Data_Monitoring!$A$2:$A$2920, Dashboard_Visual!$B$4), INDEX(Data_Monitoring!$C$2:$C$2920, MATCH(Dashboard_Visual!$B$4, Data_Monitoring!$A$2:$A$2920, 0) + 4 - 1), "") -> 60 | C5: =IF(4<=COUNTIF(Data_Monitoring!$A$2:$A$2920, Dashboard_Visual!$B$4), INDEX(Data_Monitoring!$J$2:$J$2920, MATCH(Dashboard_Visual!$B$4, Data_Monitoring!$A$2:$A$2920, 0) + 4 - 1), NA()) -> 100.99 | D5: =IF(4<=COUNTIF(Data_Monitoring!$A$2:$A$2920, Dashboard_Visual!$B$4), INDEX(Data_Monitoring!$K$2:$K$2920, MATCH(Dashboard_Visual!$B$4, Data_Monitoring!$A$2:$A$2920, 0) + 4 - 1), NA()) -> 2.28 | E5: =IF(4<=COUNTIF(Data_Monitoring!$A$2:$A$2920, Dashboard_Visual!$B$4), INDEX(Data_Monitoring!$H$2:$H$2920, MATCH(Dashboard_Visual!$B$4, Data_Monitoring!$A$2:$A$2920, 0) + 4 - 1), 0) -> 36.22 | F5: =IF(4<=COUNTIF(Data_Monitoring!$A$2:$A$2920, Dashboard_Visual!$B$4), INDEX(Data_Monitoring!$O$2:$O$2920, MATCH(Dashboard_Visual!$B$4, Data_Monitoring!$A$2:$A$2920, 0) + 4 - 1), 0) -> 2.58 | G5: =IF(4<=COUNTIF(Data_Monitoring!$A$2:$A$2920, Dashboard_Visual!$B$4), INDEX(Data_Monitoring!$Q$2:$Q$2920, MATCH(Dashboard_Visual!$B$4, Data_Monitoring!$A$2:$A$2920, 0) + 4 - 1), 0) -> 4.19 | H5: =IF(4<=COUNTIF(Data_Monitoring!$A$2:$A$2920, Dashboard_Visual!$B$4), INDEX(Data_Monitoring!$L$2:$L$2920, MATCH(Dashboard_Visual!$B$4, Data_Monitoring!$A$2:$A$2920, 0) + 4 - 1), "") -> Aman | I5: =IF(AND(4<=$P$2, ISNUMBER(D5), OR(H5="Warning", H5="Overgrade")), TEXT(ABS(D5)/100, "0.00%"), "") | J5: =IF(H5="Aman", C5, NA()) -> 100.99 | K5: =IF(AND(4<=$P$2, H5="Warning"), C5, NA()) -> #N/A | L5: =IF(AND(4<=$P$2, H5="Overgrade"), C5, NA()) -> #N/A | M5: =IF(4<=COUNTIF(Data_Monitoring!$A$2:$A$2920, Dashboard_Visual!$B$4), INDEX(Data_Monitoring!$S$2:$S$2920, MATCH(Dashboard_Visual!$B$4, Data_Monitoring!$A$2:$A$2920, 0) + 4 - 1), 1) -> 1
A6: =IF(5<=COUNTIF(Data_Monitoring!$A$2:$A$2920, Dashboard_Visual!$B$4), INDEX(Data_Monitoring!$B$2:$B$2920, MATCH(Dashboard_Visual!$B$4, Data_Monitoring!$A$2:$A$2920, 0) + 5 - 1), "") -> 0+080 | B6: =IF(5<=COUNTIF(Data_Monitoring!$A$2:$A$2920, Dashboard_Visual!$B$4), INDEX(Data_Monitoring!$C$2:$C$2920, MATCH(Dashboard_Visual!$B$4, Data_Monitoring!$A$2:$A$2920, 0) + 5 - 1), "") -> 80 | C6: =IF(5<=COUNTIF(Data_Monitoring!$A$2:$A$2920, Dashboard_Visual!$B$4), INDEX(Data_Monitoring!$J$2:$J$2920, MATCH(Dashboard_Visual!$B$4, Data_Monitoring!$A$2:$A$2920, 0) + 5 - 1), NA()) -> 100.22 | D6: =IF(5<=COUNTIF(Data_Monitoring!$A$2:$A$2920, Dashboard_Visual!$B$4), INDEX(Data_Monitoring!$K$2:$K$2920, MATCH(Dashboard_Visual!$B$4, Data_Monitoring!$A$2:$A$2920, 0) + 5 - 1), NA()) -> -3.83 | E6: =IF(5<=COUNTIF(Data_Monitoring!$A$2:$A$2920, Dashboard_Visual!$B$4), INDEX(Data_Monitoring!$H$2:$H$2920, MATCH(Dashboard_Visual!$B$4, Data_Monitoring!$A$2:$A$2920, 0) + 5 - 1), 0) -> 35.12 | F6: =IF(5<=COUNTIF(Data_Monitoring!$A$2:$A$2920, Dashboard_Visual!$B$4), INDEX(Data_Monitoring!$O$2:$O$2920, MATCH(Dashboard_Visual!$B$4, Data_Monitoring!$A$2:$A$2920, 0) + 5 - 1), 0) -> -2.78 | G6: =IF(5<=COUNTIF(Data_Monitoring!$A$2:$A$2920, Dashboard_Visual!$B$4), INDEX(Data_Monitoring!$Q$2:$Q$2920, MATCH(Dashboard_Visual!$B$4, Data_Monitoring!$A$2:$A$2920, 0) + 5 - 1), 0) -> 5.73 | H6: =IF(5<=COUNTIF(Data_Monitoring!$A$2:$A$2920, Dashboard_Visual!$B$4), INDEX(Data_Monitoring!$L$2:$L$2920, MATCH(Dashboard_Visual!$B$4, Data_Monitoring!$A$2:$A$2920, 0) + 5 - 1), "") -> Aman | I6: =IF(AND(5<=$P$2, ISNUMBER(D6), OR(H6="Warning", H6="Overgrade")), TEXT(ABS(D6)/100, "0.00%"), "") | J6: =IF(H6="Aman", C6, NA()) -> 100.22 | K6: =IF(AND(5<=$P$2, H6="Warning"), C6, NA()) -> #N/A | L6: =IF(AND(5<=$P$2, H6="Overgrade"), C6, NA()) -> #N/A | M6: =IF(5<=COUNTIF(Data_Monitoring!$A$2:$A$2920, Dashboard_Visual!$B$4), INDEX(Data_Monitoring!$S$2:$S$2920, MATCH(Dashboard_Visual!$B$4, Data_Monitoring!$A$2:$A$2920, 0) + 5 - 1), 1) -> 1
A7: =IF(6<=COUNTIF(Data_Monitoring!$A$2:$A$2920, Dashboard_Visual!$B$4), INDEX(Data_Monitoring!$B$2:$B$2920, MATCH(Dashboard_Visual!$B$4, Data_Monitoring!$A$2:$A$2920, 0) + 6 - 1), "") -> 0+100 | B7: =IF(6<=COUNTIF(Data_Monitoring!$A$2:$A$2920, Dashboard_Visual!$B$4), INDEX(Data_Monitoring!$C$2:$C$2920, MATCH(Dashboard_Visual!$B$4, Data_Monitoring!$A$2:$A$2920, 0) + 6 - 1), "") -> 100 | C7: =IF(6<=COUNTIF(Data_Monitoring!$A$2:$A$2920, Dashboard_Visual!$B$4), INDEX(Data_Monitoring!$J$2:$J$2920, MATCH(Dashboard_Visual!$B$4, Data_Monitoring!$A$2:$A$2920, 0) + 6 - 1), NA()) -> 99.92 | D7: =IF(6<=COUNTIF(Data_Monitoring!$A$2:$A$2920, Dashboard_Visual!$B$4), INDEX(Data_Monitoring!$K$2:$K$2920, MATCH(Dashboard_Visual!$B$4, Data_Monitoring!$A$2:$A$2920, 0) + 6 - 1), NA()) -> -1.48 | E7: =IF(6<=COUNTIF(Data_Monitoring!$A$2:$A$2920, Dashboard_Visual!$B$4), INDEX(Data_Monitoring!$H$2:$H$2920, MATCH(Dashboard_Visual!$B$4, Data_Monitoring!$A$2:$A$2920, 0) + 6 - 1), 0) -> 35.63 | F7: =IF(6<=COUNTIF(Data_Monitoring!$A$2:$A$2920, Dashboard_Visual!$B$4), INDEX(Data_Monitoring!$O$2:$O$2920, MATCH(Dashboard_Visual!$B$4, Data_Monitoring!$A$2:$A$2920, 0) + 6 - 1), 0) -> -4.36 | G7: =IF(6<=COUNTIF(Data_Monitoring!$A$2:$A$2920, Dashboard_Visual!$B$4), INDEX(Data_Monitoring!$Q$2:$Q$2920, MATCH(Dashboard_Visual!$B$4, Data_Monitoring!$A$2:$A$2920, 0) + 6 - 1), 0) -> 5.98 | H7: =IF(6<=COUNTIF(Data_Monitoring!$A$2:$A$2920, Dashboard_Visual!$B$4), INDEX(Data_Monitoring!$L$2:$L$2920, MATCH(Dashboard_Visual!$B$4, Data_Monitoring!$A$2:$A$2920, 0) + 6 - 1), "") -> Aman | I7: =IF(AND(6<=$P$2, ISNUMBER(D7), OR(H7="Warning", H7="Overgrade")), TEXT(ABS(D7)/100, "0.00%"), "") | J7: =IF(H7="Aman", C7, NA()) -> 99.92 | K7: =IF(AND(6<=$P$2, H7="Warning"), C7, NA()) -> #N/A | L7: =IF(AND(6<=$P$2, H7="Overgrade"), C7, NA()) -> #N/A | M7: =IF(6<=COUNTIF(Data_Monitoring!$A$2:$A$2920, Dashboard_Visual!$B$4), INDEX(Data_Monitoring!$S$2:$S$2920, MATCH(Dashboard_Visual!$B$4, Data_Monitoring!$A$2:$A$2920, 0) + 6 - 1), 1) -> 1
A8: =IF(7<=COUNTIF(Data_Monitoring!$A$2:$A$2920, Dashboard_Visual!$B$4), INDEX(Data_Monitoring!$B$2:$B$2920, MATCH(Dashboard_Visual!$B$4, Data_Monitoring!$A$2:$A$2920, 0) + 7 - 1), "") -> 0+120 | B8: =IF(7<=COUNTIF(Data_Monitoring!$A$2:$A$2920, Dashboard_Visual!$B$4), INDEX(Data_Monitoring!$C$2:$C$2920, MATCH(Dashboard_Visual!$B$4, Data_Monitoring!$A$2:$A$2920, 0) + 7 - 1), "") -> 120 | C8: =IF(7<=COUNTIF(Data_Monitoring!$A$2:$A$2920, Dashboard_Visual!$B$4), INDEX(Data_Monitoring!$J$2:$J$2920, MATCH(Dashboard_Visual!$B$4, Data_Monitoring!$A$2:$A$2920, 0) + 7 - 1), NA()) -> 99.76 | D8: =IF(7<=COUNTIF(Data_Monitoring!$A$2:$A$2920, Dashboard_Visual!$B$4), INDEX(Data_Monitoring!$K$2:$K$2920, MATCH(Dashboard_Visual!$B$4, Data_Monitoring!$A$2:$A$2920, 0) + 7 - 1), NA()) -> -0.79 | E8: =IF(7<=COUNTIF(Data_Monitoring!$A$2:$A$2920, Dashboard_Visual!$B$4), INDEX(Data_Monitoring!$H$2:$H$2920, MATCH(Dashboard_Visual!$B$4, Data_Monitoring!$A$2:$A$2920, 0) + 7 - 1), 0) -> 36.82 | F8: =IF(7<=COUNTIF(Data_Monitoring!$A$2:$A$2920, Dashboard_Visual!$B$4), INDEX(Data_Monitoring!$O$2:$O$2920, MATCH(Dashboard_Visual!$B$4, Data_Monitoring!$A$2:$A$2920, 0) + 7 - 1), 0) -> -3.53 | G8: =IF(7<=COUNTIF(Data_Monitoring!$A$2:$A$2920, Dashboard_Visual!$B$4), INDEX(Data_Monitoring!$Q$2:$Q$2920, MATCH(Dashboard_Visual!$B$4, Data_Monitoring!$A$2:$A$2920, 0) + 7 - 1), 0) -> 2.42 | H8: =IF(7<=COUNTIF(Data_Monitoring!$A$2:$A$2920, Dashboard_Visual!$B$4), INDEX(Data_Monitoring!$L$2:$L$2920, MATCH(Dashboard_Visual!$B$4, Data_Monitoring!$A$2:$A$2920, 0) + 7 - 1), "") -> Aman | I8: =IF(AND(7<=$P$2, ISNUMBER(D8), OR(H8="Warning", H8="Overgrade")), TEXT(ABS(D8)/100, "0.00%"), "") | J8: =IF(H8="Aman", C8, NA()) -> 99.76 | K8: =IF(AND(7<=$P$2, H8="Warning"), C8, NA()) -> #N/A | L8: =IF(AND(7<=$P$2, H8="Overgrade"), C8, NA()) -> #N/A | M8: =IF(7<=COUNTIF(Data_Monitoring!$A$2:$A$2920, Dashboard_Visual!$B$4), INDEX(Data_Monitoring!$S$2:$S$2920, MATCH(Dashboard_Visual!$B$4, Data_Monitoring!$A$2:$A$2920, 0) + 7 - 1), 1) -> 1
A9: =IF(8<=COUNTIF(Data_Monitoring!$A$2:$A$2920, Dashboard_Visual!$B$4), INDEX(Data_Monitoring!$B$2:$B$2920, MATCH(Dashboard_Visual!$B$4, Data_Monitoring!$A$2:$A$2920, 0) + 8 - 1), "") -> 0+140 | B9: =IF(8<=COUNTIF(Data_Monitoring!$A$2:$A$2920, Dashboard_Visual!$B$4), INDEX(Data_Monitoring!$C$2:$C$2920, MATCH(Dashboard_Visual!$B$4, Data_Monitoring!$A$2:$A$2920, 0) + 8 - 1), "") -> 140 | C9: =IF(8<=COUNTIF(Data_Monitoring!$A$2:$A$2920, Dashboard_Visual!$B$4), INDEX(Data_Monitoring!$J$2:$J$2920, MATCH(Dashboard_Visual!$B$4, Data_Monitoring!$A$2:$A$2920, 0) + 8 - 1), NA()) -> 99.77 | D9: =IF(8<=COUNTIF(Data_Monitoring!$A$2:$A$2920, Dashboard_Visual!$B$4), INDEX(Data_Monitoring!$K$2:$K$2920, MATCH(Dashboard_Visual!$B$4, Data_Monitoring!$A$2:$A$2920, 0) + 8 - 1), NA()) -> 0.01 | E9: =IF(8<=COUNTIF(Data_Monitoring!$A$2:$A$2920, Dashboard_Visual!$B$4), INDEX(Data_Monitoring!$H$2:$H$2920, MATCH(Dashboard_Visual!$B$4, Data_Monitoring!$A$2:$A$2920, 0) + 8 - 1), 0) -> 35.44 | F9: =IF(8<=COUNTIF(Data_Monitoring!$A$2:$A$2920, Dashboard_Visual!$B$4), INDEX(Data_Monitoring!$O$2:$O$2920, MATCH(Dashboard_Visual!$B$4, Data_Monitoring!$A$2:$A$2920, 0) + 8 - 1), 0) -> -4.02 | G9: =IF(8<=COUNTIF(Data_Monitoring!$A$2:$A$2920, Dashboard_Visual!$B$4), INDEX(Data_Monitoring!$Q$2:$Q$2920, MATCH(Dashboard_Visual!$B$4, Data_Monitoring!$A$2:$A$2920, 0) + 8 - 1), 0) -> 3.49 | H9: =IF(8<=COUNTIF(Data_Monitoring!$A$2:$A$2920, Dashboard_Visual!$B$4), INDEX(Data_Monitoring!$L$2:$L$2920, MATCH(Dashboard_Visual!$B$4, Data_Monitoring!$A$2:$A$2920, 0) + 8 - 1), "") -> Aman | I9: =IF(AND(8<=$P$2, ISNUMBER(D9), OR(H9="Warning", H9="Overgrade")), TEXT(ABS(D9)/100, "0.00%"), "") | J9: =IF(H9="Aman", C9, NA()) -> 99.77 | K9: =IF(AND(8<=$P$2, H9="Warning"), C9, NA()) -> #N/A | L9: =IF(AND(8<=$P$2, H9="Overgrade"), C9, NA()) -> #N/A | M9: =IF(8<=COUNTIF(Data_Monitoring!$A$2:$A$2920, Dashboard_Visual!$B$4), INDEX(Data_Monitoring!$S$2:$S$2920, MATCH(Dashboard_Visual!$B$4, Data_Monitoring!$A$2:$A$2920, 0) + 8 - 1), 1) -> 1
A10: =IF(9<=COUNTIF(Data_Monitoring!$A$2:$A$2920, Dashboard_Visual!$B$4), INDEX(Data_Monitoring!$B$2:$B$2920, MATCH(Dashboard_Visual!$B$4, Data_Monitoring!$A$2:$A$2920, 0) + 9 - 1), "") -> 0+160 | B10: =IF(9<=COUNTIF(Data_Monitoring!$A$2:$A$2920, Dashboard_Visual!$B$4), INDEX(Data_Monitoring!$C$2:$C$2920, MATCH(Dashboard_Visual!$B$4, Data_Monitoring!$A$2:$A$2920, 0) + 9 - 1), "") -> 160 | C10: =IF(9<=COUNTIF(Data_Monitoring!$A$2:$A$2920, Dashboard_Visual!$B$4), INDEX(Data_Monitoring!$J$2:$J$2920, MATCH(Dashboard_Visual!$B$4, Data_Monitoring!$A$2:$A$2920, 0) + 9 - 1), NA()) -> 99.84 | D10: =IF(9<=COUNTIF(Data_Monitoring!$A$2:$A$2920, Dashboard_Visual!$B$4), INDEX(Data_Monitoring!$K$2:$K$2920, MATCH(Dashboard_Visual!$B$4, Data_Monitoring!$A$2:$A$2920, 0) + 9 - 1), NA()) -> 0.37 | E10: =IF(9<=COUNTIF(Data_Monitoring!$A$2:$A$2920, Dashboard_Visual!$B$4), INDEX(Data_Monitoring!$H$2:$H$2920, MATCH(Dashboard_Visual!$B$4, Data_Monitoring!$A$2:$A$2920, 0) + 9 - 1), 0) -> 33.54 | F10: =IF(9<=COUNTIF(Data_Monitoring!$A$2:$A$2920, Dashboard_Visual!$B$4), INDEX(Data_Monitoring!$O$2:$O$2920, MATCH(Dashboard_Visual!$B$4, Data_Monitoring!$A$2:$A$2920, 0) + 9 - 1), 0) -> -2.71 | G10: =IF(9<=COUNTIF(Data_Monitoring!$A$2:$A$2920, Dashboard_Visual!$B$4), INDEX(Data_Monitoring!$Q$2:$Q$2920, MATCH(Dashboard_Visual!$B$4, Data_Monitoring!$A$2:$A$2920, 0) + 9 - 1), 0) -> 2.78 | H10: =IF(9<=COUNTIF(Data_Monitoring!$A$2:$A$2920, Dashboard_Visual!$B$4), INDEX(Data_Monitoring!$L$2:$L$2920, MATCH(Dashboard_Visual!$B$4, Data_Monitoring!$A$2:$A$2920, 0) + 9 - 1), "") -> Aman | I10: =IF(AND(9<=$P$2, ISNUMBER(D10), OR(H10="Warning", H10="Overgrade")), TEXT(ABS(D10)/100, "0.00%"), "") | J10: =IF(H10="Aman", C10, NA()) -> 99.84 | K10: =IF(AND(9<=$P$2, H10="Warning"), C10, NA()) -> #N/A | L10: =IF(AND(9<=$P$2, H10="Overgrade"), C10, NA()) -> #N/A | M10: =IF(9<=COUNTIF(Data_Monitoring!$A$2:$A$2920, Dashboard_Visual!$B$4), INDEX(Data_Monitoring!$S$2:$S$2920, MATCH(Dashboard_Visual!$B$4, Data_Monitoring!$A$2:$A$2920, 0) + 9 - 1), 1) -> 1
A11: =IF(10<=COUNTIF(Data_Monitoring!$A$2:$A$2920, Dashboard_Visual!$B$4), INDEX(Data_Monitoring!$B$2:$B$2920, MATCH(Dashboard_Visual!$B$4, Data_Monitoring!$A$2:$A$2920, 0) + 10 - 1), "") -> 0+180 | B11: =IF(10<=COUNTIF(Data_Monitoring!$A$2:$A$2920, Dashboard_Visual!$B$4), INDEX(Data_Monitoring!$C$2:$C$2920, MATCH(Dashboard_Visual!$B$4, Data_Monitoring!$A$2:$A$2920, 0) + 10 - 1), "") -> 180 | C11: =IF(10<=COUNTIF(Data_Monitoring!$A$2:$A$2920, Dashboard_Visual!$B$4), INDEX(Data_Monitoring!$J$2:$J$2920, MATCH(Dashboard_Visual!$B$4, Data_Monitoring!$A$2:$A$2920, 0) + 10 - 1), NA()) -> 99.94 | D11: =IF(10<=COUNTIF(Data_Monitoring!$A$2:$A$2920, Dashboard_Visual!$B$4), INDEX(Data_Monitoring!$K$2:$K$2920, MATCH(Dashboard_Visual!$B$4, Data_Monitoring!$A$2:$A$2920, 0) + 10 - 1), NA()) -> 0.49 | E11: =IF(10<=COUNTIF(Data_Monitoring!$A$2:$A$2920, Dashboard_Visual!$B$4), INDEX(Data_Monitoring!$H$2:$H$2920, MATCH(Dashboard_Visual!$B$4, Data_Monitoring!$A$2:$A$2920, 0) + 10 - 1), 0) -> 32.51 | F11: =IF(10<=COUNTIF(Data_Monitoring!$A$2:$A$2920, Dashboard_Visual!$B$4), INDEX(Data_Monitoring!$O$2:$O$2920, MATCH(Dashboard_Visual!$B$4, Data_Monitoring!$A$2:$A$2920, 0) + 10 - 1), 0) -> -1.36 | G11: =IF(10<=COUNTIF(Data_Monitoring!$A$2:$A$2920, Dashboard_Visual!$B$4), INDEX(Data_Monitoring!$Q$2:$Q$2920, MATCH(Dashboard_Visual!$B$4, Data_Monitoring!$A$2:$A$2920, 0) + 10 - 1), 0) -> 2.74 | H11: =IF(10<=COUNTIF(Data_Monitoring!$A$2:$A$2920, Dashboard_Visual!$B$4), INDEX(Data_Monitoring!$L$2:$L$2920, MATCH(Dashboard_Visual!$B$4, Data_Monitoring!$A$2:$A$2920, 0) + 10 - 1), "") -> Aman | I11: =IF(AND(10<=$P$2, ISNUMBER(D11), OR(H11="Warning", H11="Overgrade")), TEXT(ABS(D11)/100, "0.00%"), "") | J11: =IF(H11="Aman", C11, NA()) -> 99.94 | K11: =IF(AND(10<=$P$2, H11="Warning"), C11, NA()) -> #N/A | L11: =IF(AND(10<=$P$2, H11="Overgrade"), C11, NA()) -> #N/A | M11: =IF(10<=COUNTIF(Data_Monitoring!$A$2:$A$2920, Dashboard_Visual!$B$4), INDEX(Data_Monitoring!$S$2:$S$2920, MATCH(Dashboard_Visual!$B$4, Data_Monitoring!$A$2:$A$2920, 0) + 10 - 1), 1) -> 1
A12: =IF(11<=COUNTIF(Data_Monitoring!$A$2:$A$2920, Dashboard_Visual!$B$4), INDEX(Data_Monitoring!$B$2:$B$2920, MATCH(Dashboard_Visual!$B$4, Data_Monitoring!$A$2:$A$2920, 0) + 11 - 1), "") -> 0+200 | B12: =IF(11<=COUNTIF(Data_Monitoring!$A$2:$A$2920, Dashboard_Visual!$B$4), INDEX(Data_Monitoring!$C$2:$C$2920, MATCH(Dashboard_Visual!$B$4, Data_Monitoring!$A$2:$A$2920, 0) + 11 - 1), "") -> 200 | C12: =IF(11<=COUNTIF(Data_Monitoring!$A$2:$A$2920, Dashboard_Visual!$B$4), INDEX(Data_Monitoring!$J$2:$J$2920, MATCH(Dashboard_Visual!$B$4, Data_Monitoring!$A$2:$A$2920, 0) + 11 - 1), NA()) -> 100.21 | D12: =IF(11<=COUNTIF(Data_Monitoring!$A$2:$A$2920, Dashboard_Visual!$B$4), INDEX(Data_Monitoring!$K$2:$K$2920, MATCH(Dashboard_Visual!$B$4, Data_Monitoring!$A$2:$A$2920, 0) + 11 - 1), NA()) -> 1.38 | E12: =IF(11<=COUNTIF(Data_Monitoring!$A$2:$A$2920, Dashboard_Visual!$B$4), INDEX(Data_Monitoring!$H$2:$H$2920, MATCH(Dashboard_Visual!$B$4, Data_Monitoring!$A$2:$A$2920, 0) + 11 - 1), 0) -> 32.51 | F12: =IF(11<=COUNTIF(Data_Monitoring!$A$2:$A$2920, Dashboard_Visual!$B$4), INDEX(Data_Monitoring!$O$2:$O$2920, MATCH(Dashboard_Visual!$B$4, Data_Monitoring!$A$2:$A$2920, 0) + 11 - 1), 0) -> 0.01 | G12: =IF(11<=COUNTIF(Data_Monitoring!$A$2:$A$2920, Dashboard_Visual!$B$4), INDEX(Data_Monitoring!$Q$2:$Q$2920, MATCH(Dashboard_Visual!$B$4, Data_Monitoring!$A$2:$A$2920, 0) + 11 - 1), 0) -> 3.39 | H12: =IF(11<=COUNTIF(Data_Monitoring!$A$2:$A$2920, Dashboard_Visual!$B$4), INDEX(Data_Monitoring!$L$2:$L$2920, MATCH(Dashboard_Visual!$B$4, Data_Monitoring!$A$2:$A$2920, 0) + 11 - 1), "") -> Aman | I12: =IF(AND(11<=$P$2, ISNUMBER(D12), OR(H12="Warning", H12="Overgrade")), TEXT(ABS(D12)/100, "0.00%"), "") | J12: =IF(H12="Aman", C12, NA()) -> 100.21 | K12: =IF(AND(11<=$P$2, H12="Warning"), C12, NA()) -> #N/A | L12: =IF(AND(11<=$P$2, H12="Overgrade"), C12, NA()) -> #N/A | M12: =IF(11<=COUNTIF(Data_Monitoring!$A$2:$A$2920, Dashboard_Visual!$B$4), INDEX(Data_Monitoring!$S$2:$S$2920, MATCH(Dashboard_Visual!$B$4, Data_Monitoring!$A$2:$A$2920, 0) + 11 - 1), 1) -> 1
A13: =IF(12<=COUNTIF(Data_Monitoring!$A$2:$A$2920, Dashboard_Visual!$B$4), INDEX(Data_Monitoring!$B$2:$B$2920, MATCH(Dashboard_Visual!$B$4, Data_Monitoring!$A$2:$A$2920, 0) + 12 - 1), "") -> 0+220 | B13: =IF(12<=COUNTIF(Data_Monitoring!$A$2:$A$2920, Dashboard_Visual!$B$4), INDEX(Data_Monitoring!$C$2:$C$2920, MATCH(Dashboard_Visual!$B$4, Data_Monitoring!$A$2:$A$2920, 0) + 12 - 1), "") -> 220 | C13: =IF(12<=COUNTIF(Data_Monitoring!$A$2:$A$2920, Dashboard_Visual!$B$4), INDEX(Data_Monitoring!$J$2:$J$2920, MATCH(Dashboard_Visual!$B$4, Data_Monitoring!$A$2:$A$2920, 0) + 12 - 1), NA()) -> 100.51 | D13: =IF(12<=COUNTIF(Data_Monitoring!$A$2:$A$2920, Dashboard_Visual!$B$4), INDEX(Data_Monitoring!$K$2:$K$2920, MATCH(Dashboard_Visual!$B$4, Data_Monitoring!$A$2:$A$2920, 0) + 12 - 1), NA()) -> 1.47 | E13: =IF(12<=COUNTIF(Data_Monitoring!$A$2:$A$2920, Dashboard_Visual!$B$4), INDEX(Data_Monitoring!$H$2:$H$2920, MATCH(Dashboard_Visual!$B$4, Data_Monitoring!$A$2:$A$2920, 0) + 12 - 1), 0) -> 34.3 | F13: =IF(12<=COUNTIF(Data_Monitoring!$A$2:$A$2920, Dashboard_Visual!$B$4), INDEX(Data_Monitoring!$O$2:$O$2920, MATCH(Dashboard_Visual!$B$4, Data_Monitoring!$A$2:$A$2920, 0) + 12 - 1), 0) -> 0.14 | G13: =IF(12<=COUNTIF(Data_Monitoring!$A$2:$A$2920, Dashboard_Visual!$B$4), INDEX(Data_Monitoring!$Q$2:$Q$2920, MATCH(Dashboard_Visual!$B$4, Data_Monitoring!$A$2:$A$2920, 0) + 12 - 1), 0) -> 4.67 | H13: =IF(12<=COUNTIF(Data_Monitoring!$A$2:$A$2920, Dashboard_Visual!$B$4), INDEX(Data_Monitoring!$L$2:$L$2920, MATCH(Dashboard_Visual!$B$4, Data_Monitoring!$A$2:$A$2920, 0) + 12 - 1), "") -> Aman | I13: =IF(AND(12<=$P$2, ISNUMBER(D13), OR(H13="Warning", H13="Overgrade")), TEXT(ABS(D13)/100, "0.00%"), "") | J13: =IF(H13="Aman", C13, NA()) -> 100.51 | K13: =IF(AND(12<=$P$2, H13="Warning"), C13, NA()) -> #N/A | L13: =IF(AND(12<=$P$2, H13="Overgrade"), C13, NA()) -> #N/A | M13: =IF(12<=COUNTIF(Data_Monitoring!$A$2:$A$2920, Dashboard_Visual!$B$4), INDEX(Data_Monitoring!$S$2:$S$2920, MATCH(Dashboard_Visual!$B$4, Data_Monitoring!$A$2:$A$2920, 0) + 12 - 1), 1) -> 1
A14: =IF(13<=COUNTIF(Data_Monitoring!$A$2:$A$2920, Dashboard_Visual!$B$4), INDEX(Data_Monitoring!$B$2:$B$2920, MATCH(Dashboard_Visual!$B$4, Data_Monitoring!$A$2:$A$2920, 0) + 13 - 1), "") -> 0+240 | B14: =IF(13<=COUNTIF(Data_Monitoring!$A$2:$A$2920, Dashboard_Visual!$B$4), INDEX(Data_Monitoring!$C$2:$C$2920, MATCH(Dashboard_Visual!$B$4, Data_Monitoring!$A$2:$A$2920, 0) + 13 - 1), "") -> 240 | C14: =IF(13<=COUNTIF(Data_Monitoring!$A$2:$A$2920, Dashboard_Visual!$B$4), INDEX(Data_Monitoring!$J$2:$J$2920, MATCH(Dashboard_Visual!$B$4, Data_Monitoring!$A$2:$A$2920, 0) + 13 - 1), NA()) -> 100.64 | D14: =IF(13<=COUNTIF(Data_Monitoring!$A$2:$A$2920, Dashboard_Visual!$B$4), INDEX(Data_Monitoring!$K$2:$K$2920, MATCH(Dashboard_Visual!$B$4, Data_Monitoring!$A$2:$A$2920, 0) + 13 - 1), NA()) -> 0.65 | E14: =IF(13<=COUNTIF(Data_Monitoring!$A$2:$A$2920, Dashboard_Visual!$B$4), INDEX(Data_Monitoring!$H$2:$H$2920, MATCH(Dashboard_Visual!$B$4, Data_Monitoring!$A$2:$A$2920, 0) + 13 - 1), 0) -> 34.12 | F14: =IF(13<=COUNTIF(Data_Monitoring!$A$2:$A$2920, Dashboard_Visual!$B$4), INDEX(Data_Monitoring!$O$2:$O$2920, MATCH(Dashboard_Visual!$B$4, Data_Monitoring!$A$2:$A$2920, 0) + 13 - 1), 0) -> -1.17 | G14: =IF(13<=COUNTIF(Data_Monitoring!$A$2:$A$2920, Dashboard_Visual!$B$4), INDEX(Data_Monitoring!$Q$2:$Q$2920, MATCH(Dashboard_Visual!$B$4, Data_Monitoring!$A$2:$A$2920, 0) + 13 - 1), 0) -> 4.21 | H14: =IF(13<=COUNTIF(Data_Monitoring!$A$2:$A$2920, Dashboard_Visual!$B$4), INDEX(Data_Monitoring!$L$2:$L$2920, MATCH(Dashboard_Visual!$B$4, Data_Monitoring!$A$2:$A$2920, 0) + 13 - 1), "") -> Aman | I14: =IF(AND(13<=$P$2, ISNUMBER(D14), OR(H14="Warning", H14="Overgrade")), TEXT(ABS(D14)/100, "0.00%"), "") | J14: =IF(H14="Aman", C14, NA()) -> 100.64 | K14: =IF(AND(13<=$P$2, H14="Warning"), C14, NA()) -> #N/A | L14: =IF(AND(13<=$P$2, H14="Overgrade"), C14, NA()) -> #N/A | M14: =IF(13<=COUNTIF(Data_Monitoring!$A$2:$A$2920, Dashboard_Visual!$B$4), INDEX(Data_Monitoring!$S$2:$S$2920, MATCH(Dashboard_Visual!$B$4, Data_Monitoring!$A$2:$A$2920, 0) + 13 - 1), 1) -> 1
A15: =IF(14<=COUNTIF(Data_Monitoring!$A$2:$A$2920, Dashboard_Visual!$B$4), INDEX(Data_Monitoring!$B$2:$B$2920, MATCH(Dashboard_Visual!$B$4, Data_Monitoring!$A$2:$A$2920, 0) + 14 - 1), "") -> 0+260 | B15: =IF(14<=COUNTIF(Data_Monitoring!$A$2:$A$2920, Dashboard_Visual!$B$4), INDEX(Data_Monitoring!$C$2:$C$2920, MATCH(Dashboard_Visual!$B$4, Data_Monitoring!$A$2:$A$2920, 0) + 14 - 1), "") -> 260 | C15: =IF(14<=COUNTIF(Data_Monitoring!$A$2:$A$2920, Dashboard_Visual!$B$4), INDEX(Data_Monitoring!$J$2:$J$2920, MATCH(Dashboard_Visual!$B$4, Data_Monitoring!$A$2:$A$2920, 0) + 14 - 1), NA()) -> 100.7 | D15: =IF(14<=COUNTIF(Data_Monitoring!$A$2:$A$2920, Dashboard_Visual!$B$4), INDEX(Data_Monitoring!$K$2:$K$2920, MATCH(Dashboard_Visual!$B$4, Data_Monitoring!$A$2:$A$2920, 0) + 14 - 1), NA()) -> 0.34 | E15: =IF(14<=COUNTIF(Data_Monitoring!$A$2:$A$2920, Dashboard_Visual!$B$4), INDEX(Data_Monitoring!$H$2:$H$2920, MATCH(Dashboard_Visual!$B$4, Data_Monitoring!$A$2:$A$2920, 0) + 14 - 1), 0) -> 36.14 | F15: =IF(14<=COUNTIF(Data_Monitoring!$A$2:$A$2920, Dashboard_Visual!$B$4), INDEX(Data_Monitoring!$O$2:$O$2920, MATCH(Dashboard_Visual!$B$4, Data_Monitoring!$A$2:$A$2920, 0) + 14 - 1), 0) -> -1.08 | G15: =IF(14<=COUNTIF(Data_Monitoring!$A$2:$A$2920, Dashboard_Visual!$B$4), INDEX(Data_Monitoring!$Q$2:$Q$2920, MATCH(Dashboard_Visual!$B$4, Data_Monitoring!$A$2:$A$2920, 0) + 14 - 1), 0) -> 3.65 | H15: =IF(14<=COUNTIF(Data_Monitoring!$A$2:$A$2920, Dashboard_Visual!$B$4), INDEX(Data_Monitoring!$L$2:$L$2920, MATCH(Dashboard_Visual!$B$4, Data_Monitoring!$A$2:$A$2920, 0) + 14 - 1), "") -> Aman | I15: =IF(AND(14<=$P$2, ISNUMBER(D15), OR(H15="Warning", H15="Overgrade")), TEXT(ABS(D15)/100, "0.00%"), "") | J15: =IF(H15="Aman", C15, NA()) -> 100.7 | K15: =IF(AND(14<=$P$2, H15="Warning"), C15, NA()) -> #N/A | L15: =IF(AND(14<=$P$2, H15="Overgrade"), C15, NA()) -> #N/A | M15: =IF(14<=COUNTIF(Data_Monitoring!$A$2:$A$2920, Dashboard_Visual!$B$4), INDEX(Data_Monitoring!$S$2:$S$2920, MATCH(Dashboard_Visual!$B$4, Data_Monitoring!$A$2:$A$2920, 0) + 14 - 1), 1) -> 1
A16: =IF(15<=COUNTIF(Data_Monitoring!$A$2:$A$2920, Dashboard_Visual!$B$4), INDEX(Data_Monitoring!$B$2:$B$2920, MATCH(Dashboard_Visual!$B$4, Data_Monitoring!$A$2:$A$2920, 0) + 15 - 1), "") -> 0+280 | B16: =IF(15<=COUNTIF(Data_Monitoring!$A$2:$A$2920, Dashboard_Visual!$B$4), INDEX(Data_Monitoring!$C$2:$C$2920, MATCH(Dashboard_Visual!$B$4, Data_Monitoring!$A$2:$A$2920, 0) + 15 - 1), "") -> 280 | C16: =IF(15<=COUNTIF(Data_Monitoring!$A$2:$A$2920, Dashboard_Visual!$B$4), INDEX(Data_Monitoring!$J$2:$J$2920, MATCH(Dashboard_Visual!$B$4, Data_Monitoring!$A$2:$A$2920, 0) + 15 - 1), NA()) -> 100.79 | D16: =IF(15<=COUNTIF(Data_Monitoring!$A$2:$A$2920, Dashboard_Visual!$B$4), INDEX(Data_Monitoring!$K$2:$K$2920, MATCH(Dashboard_Visual!$B$4, Data_Monitoring!$A$2:$A$2920, 0) + 15 - 1), NA()) -> 0.45 | E16: =IF(15<=COUNTIF(Data_Monitoring!$A$2:$A$2920, Dashboard_Visual!$B$4), INDEX(Data_Monitoring!$H$2:$H$2920, MATCH(Dashboard_Visual!$B$4, Data_Monitoring!$A$2:$A$2920, 0) + 15 - 1), 0) -> 35.13 | F16: =IF(15<=COUNTIF(Data_Monitoring!$A$2:$A$2920, Dashboard_Visual!$B$4), INDEX(Data_Monitoring!$O$2:$O$2920, MATCH(Dashboard_Visual!$B$4, Data_Monitoring!$A$2:$A$2920, 0) + 15 - 1), 0) -> -3.53 | G16: =IF(15<=COUNTIF(Data_Monitoring!$A$2:$A$2920, Dashboard_Visual!$B$4), INDEX(Data_Monitoring!$Q$2:$Q$2920, MATCH(Dashboard_Visual!$B$4, Data_Monitoring!$A$2:$A$2920, 0) + 15 - 1), 0) -> 2.73 | H16: =IF(15<=COUNTIF(Data_Monitoring!$A$2:$A$2920, Dashboard_Visual!$B$4), INDEX(Data_Monitoring!$L$2:$L$2920, MATCH(Dashboard_Visual!$B$4, Data_Monitoring!$A$2:$A$2920, 0) + 15 - 1), "") -> Aman | I16: =IF(AND(15<=$P$2, ISNUMBER(D16), OR(H16="Warning", H16="Overgrade")), TEXT(ABS(D16)/100, "0.00%"), "") | J16: =IF(H16="Aman", C16, NA()) -> 100.79 | K16: =IF(AND(15<=$P$2, H16="Warning"), C16, NA()) -> #N/A | L16: =IF(AND(15<=$P$2, H16="Overgrade"), C16, NA()) -> #N/A | M16: =IF(15<=COUNTIF(Data_Monitoring!$A$2:$A$2920, Dashboard_Visual!$B$4), INDEX(Data_Monitoring!$S$2:$S$2920, MATCH(Dashboard_Visual!$B$4, Data_Monitoring!$A$2:$A$2920, 0) + 15 - 1), 1) -> 1
A17: =IF(16<=COUNTIF(Data_Monitoring!$A$2:$A$2920, Dashboard_Visual!$B$4), INDEX(Data_Monitoring!$B$2:$B$2920, MATCH(Dashboard_Visual!$B$4, Data_Monitoring!$A$2:$A$2920, 0) + 16 - 1), "") -> 0+300 | B17: =IF(16<=COUNTIF(Data_Monitoring!$A$2:$A$2920, Dashboard_Visual!$B$4), INDEX(Data_Monitoring!$C$2:$C$2920, MATCH(Dashboard_Visual!$B$4, Data_Monitoring!$A$2:$A$2920, 0) + 16 - 1), "") -> 300 | C17: =IF(16<=COUNTIF(Data_Monitoring!$A$2:$A$2920, Dashboard_Visual!$B$4), INDEX(Data_Monitoring!$J$2:$J$2920, MATCH(Dashboard_Visual!$B$4, Data_Monitoring!$A$2:$A$2920, 0) + 16 - 1), NA()) -> 100.94 | D17: =IF(16<=COUNTIF(Data_Monitoring!$A$2:$A$2920, Dashboard_Visual!$B$4), INDEX(Data_Monitoring!$K$2:$K$2920, MATCH(Dashboard_Visual!$B$4, Data_Monitoring!$A$2:$A$2920, 0) + 16 - 1), NA()) -> 0.71 | E17: =IF(16<=COUNTIF(Data_Monitoring!$A$2:$A$2920, Dashboard_Visual!$B$4), INDEX(Data_Monitoring!$H$2:$H$2920, MATCH(Dashboard_Visual!$B$4, Data_Monitoring!$A$2:$A$2920, 0) + 16 - 1), 0) -> 34.9 | F17: =IF(16<=COUNTIF(Data_Monitoring!$A$2:$A$2920, Dashboard_Visual!$B$4), INDEX(Data_Monitoring!$O$2:$O$2920, MATCH(Dashboard_Visual!$B$4, Data_Monitoring!$A$2:$A$2920, 0) + 16 - 1), 0) -> -2.63 | G17: =IF(16<=COUNTIF(Data_Monitoring!$A$2:$A$2920, Dashboard_Visual!$B$4), INDEX(Data_Monitoring!$Q$2:$Q$2920, MATCH(Dashboard_Visual!$B$4, Data_Monitoring!$A$2:$A$2920, 0) + 16 - 1), 0) -> 4.71 | H17: =IF(16<=COUNTIF(Data_Monitoring!$A$2:$A$2920, Dashboard_Visual!$B$4), INDEX(Data_Monitoring!$L$2:$L$2920, MATCH(Dashboard_Visual!$B$4, Data_Monitoring!$A$2:$A$2920, 0) + 16 - 1), "") -> Aman | I17: =IF(AND(16<=$P$2, ISNUMBER(D17), OR(H17="Warning", H17="Overgrade")), TEXT(ABS(D17)/100, "0.00%"), "") | J17: =IF(H17="Aman", C17, NA()) -> 100.94 | K17: =IF(AND(16<=$P$2, H17="Warning"), C17, NA()) -> #N/A | L17: =IF(AND(16<=$P$2, H17="Overgrade"), C17, NA()) -> #N/A | M17: =IF(16<=COUNTIF(Data_Monitoring!$A$2:$A$2920, Dashboard_Visual!$B$4), INDEX(Data_Monitoring!$S$2:$S$2920, MATCH(Dashboard_Visual!$B$4, Data_Monitoring!$A$2:$A$2920, 0) + 16 - 1), 1) -> 1
A18: =IF(17<=COUNTIF(Data_Monitoring!$A$2:$A$2920, Dashboard_Visual!$B$4), INDEX(Data_Monitoring!$B$2:$B$2920, MATCH(Dashboard_Visual!$B$4, Data_Monitoring!$A$2:$A$2920, 0) + 17 - 1), "") -> 0+320 | B18: =IF(17<=COUNTIF(Data_Monitoring!$A$2:$A$2920, Dashboard_Visual!$B$4), INDEX(Data_Monitoring!$C$2:$C$2920, MATCH(Dashboard_Visual!$B$4, Data_Monitoring!$A$2:$A$2920, 0) + 17 - 1), "") -> 320 | C18: =IF(17<=COUNTIF(Data_Monitoring!$A$2:$A$2920, Dashboard_Visual!$B$4), INDEX(Data_Monitoring!$J$2:$J$2920, MATCH(Dashboard_Visual!$B$4, Data_Monitoring!$A$2:$A$2920, 0) + 17 - 1), NA()) -> 101.02 | D18: =IF(17<=COUNTIF(Data_Monitoring!$A$2:$A$2920, Dashboard_Visual!$B$4), INDEX(Data_Monitoring!$K$2:$K$2920, MATCH(Dashboard_Visual!$B$4, Data_Monitoring!$A$2:$A$2920, 0) + 17 - 1), NA()) -> 0.42 | E18: =IF(17<=COUNTIF(Data_Monitoring!$A$2:$A$2920, Dashboard_Visual!$B$4), INDEX(Data_Monitoring!$H$2:$H$2920, MATCH(Dashboard_Visual!$B$4, Data_Monitoring!$A$2:$A$2920, 0) + 17 - 1), 0) -> 35.05 | F18: =IF(17<=COUNTIF(Data_Monitoring!$A$2:$A$2920, Dashboard_Visual!$B$4), INDEX(Data_Monitoring!$O$2:$O$2920, MATCH(Dashboard_Visual!$B$4, Data_Monitoring!$A$2:$A$2920, 0) + 17 - 1), 0) -> -2.73 | G18: =IF(17<=COUNTIF(Data_Monitoring!$A$2:$A$2920, Dashboard_Visual!$B$4), INDEX(Data_Monitoring!$Q$2:$Q$2920, MATCH(Dashboard_Visual!$B$4, Data_Monitoring!$A$2:$A$2920, 0) + 17 - 1), 0) -> 5.2 | H18: =IF(17<=COUNTIF(Data_Monitoring!$A$2:$A$2920, Dashboard_Visual!$B$4), INDEX(Data_Monitoring!$L$2:$L$2920, MATCH(Dashboard_Visual!$B$4, Data_Monitoring!$A$2:$A$2920, 0) + 17 - 1), "") -> Aman | I18: =IF(AND(17<=$P$2, ISNUMBER(D18), OR(H18="Warning", H18="Overgrade")), TEXT(ABS(D18)/100, "0.00%"), "") | J18: =IF(H18="Aman", C18, NA()) -> 101.02 | K18: =IF(AND(17<=$P$2, H18="Warning"), C18, NA()) -> #N/A | L18: =IF(AND(17<=$P$2, H18="Overgrade"), C18, NA()) -> #N/A | M18: =IF(17<=COUNTIF(Data_Monitoring!$A$2:$A$2920, Dashboard_Visual!$B$4), INDEX(Data_Monitoring!$S$2:$S$2920, MATCH(Dashboard_Visual!$B$4, Data_Monitoring!$A$2:$A$2920, 0) + 17 - 1), 1) -> 1
A19: =IF(18<=COUNTIF(Data_Monitoring!$A$2:$A$2920, Dashboard_Visual!$B$4), INDEX(Data_Monitoring!$B$2:$B$2920, MATCH(Dashboard_Visual!$B$4, Data_Monitoring!$A$2:$A$2920, 0) + 18 - 1), "") -> 0+340 | B19: =IF(18<=COUNTIF(Data_Monitoring!$A$2:$A$2920, Dashboard_Visual!$B$4), INDEX(Data_Monitoring!$C$2:$C$2920, MATCH(Dashboard_Visual!$B$4, Data_Monitoring!$A$2:$A$2920, 0) + 18 - 1), "") -> 340 | C19: =IF(18<=COUNTIF(Data_Monitoring!$A$2:$A$2920, Dashboard_Visual!$B$4), INDEX(Data_Monitoring!$J$2:$J$2920, MATCH(Dashboard_Visual!$B$4, Data_Monitoring!$A$2:$A$2920, 0) + 18 - 1), NA()) -> 101.14 | D19: =IF(18<=COUNTIF(Data_Monitoring!$A$2:$A$2920, Dashboard_Visual!$B$4), INDEX(Data_Monitoring!$K$2:$K$2920, MATCH(Dashboard_Visual!$B$4, Data_Monitoring!$A$2:$A$2920, 0) + 18 - 1), NA()) -> 0.6 | E19: =IF(18<=COUNTIF(Data_Monitoring!$A$2:$A$2920, Dashboard_Visual!$B$4), INDEX(Data_Monitoring!$H$2:$H$2920, MATCH(Dashboard_Visual!$B$4, Data_Monitoring!$A$2:$A$2920, 0) + 18 - 1), 0) -> 35.82 | F19: =IF(18<=COUNTIF(Data_Monitoring!$A$2:$A$2920, Dashboard_Visual!$B$4), INDEX(Data_Monitoring!$O$2:$O$2920, MATCH(Dashboard_Visual!$B$4, Data_Monitoring!$A$2:$A$2920, 0) + 18 - 1), 0) -> -2.1 | G19: =IF(18<=COUNTIF(Data_Monitoring!$A$2:$A$2920, Dashboard_Visual!$B$4), INDEX(Data_Monitoring!$Q$2:$Q$2920, MATCH(Dashboard_Visual!$B$4, Data_Monitoring!$A$2:$A$2920, 0) + 18 - 1), 0) -> 6.18 | H19: =IF(18<=COUNTIF(Data_Monitoring!$A$2:$A$2920, Dashboard_Visual!$B$4), INDEX(Data_Monitoring!$L$2:$L$2920, MATCH(Dashboard_Visual!$B$4, Data_Monitoring!$A$2:$A$2920, 0) + 18 - 1), "") -> Aman | I19: =IF(AND(18<=$P$2, ISNUMBER(D19), OR(H19="Warning", H19="Overgrade")), TEXT(ABS(D19)/100, "0.00%"), "") | J19: =IF(H19="Aman", C19, NA()) -> 101.14 | K19: =IF(AND(18<=$P$2, H19="Warning"), C19, NA()) -> #N/A | L19: =IF(AND(18<=$P$2, H19="Overgrade"), C19, NA()) -> #N/A | M19: =IF(18<=COUNTIF(Data_Monitoring!$A$2:$A$2920, Dashboard_Visual!$B$4), INDEX(Data_Monitoring!$S$2:$S$2920, MATCH(Dashboard_Visual!$B$4, Data_Monitoring!$A$2:$A$2920, 0) + 18 - 1), 1) -> 1
A20: =IF(19<=COUNTIF(Data_Monitoring!$A$2:$A$2920, Dashboard_Visual!$B$4), INDEX(Data_Monitoring!$B$2:$B$2920, MATCH(Dashboard_Visual!$B$4, Data_Monitoring!$A$2:$A$2920, 0) + 19 - 1), "") -> 0+360 | B20: =IF(19<=COUNTIF(Data_Monitoring!$A$2:$A$2920, Dashboard_Visual!$B$4), INDEX(Data_Monitoring!$C$2:$C$2920, MATCH(Dashboard_Visual!$B$4, Data_Monitoring!$A$2:$A$2920, 0) + 19 - 1), "") -> 360 | C20: =IF(19<=COUNTIF(Data_Monitoring!$A$2:$A$2920, Dashboard_Visual!$B$4), INDEX(Data_Monitoring!$J$2:$J$2920, MATCH(Dashboard_Visual!$B$4, Data_Monitoring!$A$2:$A$2920, 0) + 19 - 1), NA()) -> 101.24 | D20: =IF(19<=COUNTIF(Data_Monitoring!$A$2:$A$2920, Dashboard_Visual!$B$4), INDEX(Data_Monitoring!$K$2:$K$2920, MATCH(Dashboard_Visual!$B$4, Data_Monitoring!$A$2:$A$2920, 0) + 19 - 1), NA()) -> 0.49 | E20: =IF(19<=COUNTIF(Data_Monitoring!$A$2:$A$2920, Dashboard_Visual!$B$4), INDEX(Data_Monitoring!$H$2:$H$2920, MATCH(Dashboard_Visual!$B$4, Data_Monitoring!$A$2:$A$2920, 0) + 19 - 1), 0) -> 36.58 | F20: =IF(19<=COUNTIF(Data_Monitoring!$A$2:$A$2920, Dashboard_Visual!$B$4), INDEX(Data_Monitoring!$O$2:$O$2920, MATCH(Dashboard_Visual!$B$4, Data_Monitoring!$A$2:$A$2920, 0) + 19 - 1), 0) -> -1.71 | G20: =IF(19<=COUNTIF(Data_Monitoring!$A$2:$A$2920, Dashboard_Visual!$B$4), INDEX(Data_Monitoring!$Q$2:$Q$2920, MATCH(Dashboard_Visual!$B$4, Data_Monitoring!$A$2:$A$2920, 0) + 19 - 1), 0) -> 6.2 | H20: =IF(19<=COUNTIF(Data_Monitoring!$A$2:$A$2920, Dashboard_Visual!$B$4), INDEX(Data_Monitoring!$L$2:$L$2920, MATCH(Dashboard_Visual!$B$4, Data_Monitoring!$A$2:$A$2920, 0) + 19 - 1), "") -> Aman | I20: =IF(AND(19<=$P$2, ISNUMBER(D20), OR(H20="Warning", H20="Overgrade")), TEXT(ABS(D20)/100, "0.00%"), "") | J20: =IF(H20="Aman", C20, NA()) -> 101.24 | K20: =IF(AND(19<=$P$2, H20="Warning"), C20, NA()) -> #N/A | L20: =IF(AND(19<=$P$2, H20="Overgrade"), C20, NA()) -> #N/A | M20: =IF(19<=COUNTIF(Data_Monitoring!$A$2:$A$2920, Dashboard_Visual!$B$4), INDEX(Data_Monitoring!$S$2:$S$2920, MATCH(Dashboard_Visual!$B$4, Data_Monitoring!$A$2:$A$2920, 0) + 19 - 1), 1) -> 1
A21: =IF(20<=COUNTIF(Data_Monitoring!$A$2:$A$2920, Dashboard_Visual!$B$4), INDEX(Data_Monitoring!$B$2:$B$2920, MATCH(Dashboard_Visual!$B$4, Data_Monitoring!$A$2:$A$2920, 0) + 20 - 1), "") -> 0+380 | B21: =IF(20<=COUNTIF(Data_Monitoring!$A$2:$A$2920, Dashboard_Visual!$B$4), INDEX(Data_Monitoring!$C$2:$C$2920, MATCH(Dashboard_Visual!$B$4, Data_Monitoring!$A$2:$A$2920, 0) + 20 - 1), "") -> 380 | C21: =IF(20<=COUNTIF(Data_Monitoring!$A$2:$A$2920, Dashboard_Visual!$B$4), INDEX(Data_Monitoring!$J$2:$J$2920, MATCH(Dashboard_Visual!$B$4, Data_Monitoring!$A$2:$A$2920, 0) + 20 - 1), NA()) -> 101.17 | D21: =IF(20<=COUNTIF(Data_Monitoring!$A$2:$A$2920, Dashboard_Visual!$B$4), INDEX(Data_Monitoring!$K$2:$K$2920, MATCH(Dashboard_Visual!$B$4, Data_Monitoring!$A$2:$A$2920, 0) + 20 - 1), NA()) -> -0.36 | E21: =IF(20<=COUNTIF(Data_Monitoring!$A$2:$A$2920, Dashboard_Visual!$B$4), INDEX(Data_Monitoring!$H$2:$H$2920, MATCH(Dashboard_Visual!$B$4, Data_Monitoring!$A$2:$A$2920, 0) + 20 - 1), 0) -> 37.52 | F21: =IF(20<=COUNTIF(Data_Monitoring!$A$2:$A$2920, Dashboard_Visual!$B$4), INDEX(Data_Monitoring!$O$2:$O$2920, MATCH(Dashboard_Visual!$B$4, Data_Monitoring!$A$2:$A$2920, 0) + 20 - 1), 0) -> -4.41 | G21: =IF(20<=COUNTIF(Data_Monitoring!$A$2:$A$2920, Dashboard_Visual!$B$4), INDEX(Data_Monitoring!$Q$2:$Q$2920, MATCH(Dashboard_Visual!$B$4, Data_Monitoring!$A$2:$A$2920, 0) + 20 - 1), 0) -> 5.56 | H21: =IF(20<=COUNTIF(Data_Monitoring!$A$2:$A$2920, Dashboard_Visual!$B$4), INDEX(Data_Monitoring!$L$2:$L$2920, MATCH(Dashboard_Visual!$B$4, Data_Monitoring!$A$2:$A$2920, 0) + 20 - 1), "") -> Aman | I21: =IF(AND(20<=$P$2, ISNUMBER(D21), OR(H21="Warning", H21="Overgrade")), TEXT(ABS(D21)/100, "0.00%"), "") | J21: =IF(H21="Aman", C21, NA()) -> 101.17 | K21: =IF(AND(20<=$P$2, H21="Warning"), C21, NA()) -> #N/A | L21: =IF(AND(20<=$P$2, H21="Overgrade"), C21, NA()) -> #N/A | M21: =IF(20<=COUNTIF(Data_Monitoring!$A$2:$A$2920, Dashboard_Visual!$B$4), INDEX(Data_Monitoring!$S$2:$S$2920, MATCH(Dashboard_Visual!$B$4, Data_Monitoring!$A$2:$A$2920, 0) + 20 - 1), 1) -> 1
A22: =IF(21<=COUNTIF(Data_Monitoring!$A$2:$A$2920, Dashboard_Visual!$B$4), INDEX(Data_Monitoring!$B$2:$B$2920, MATCH(Dashboard_Visual!$B$4, Data_Monitoring!$A$2:$A$2920, 0) + 21 - 1), "") -> 0+400 | B22: =IF(21<=COUNTIF(Data_Monitoring!$A$2:$A$2920, Dashboard_Visual!$B$4), INDEX(Data_Monitoring!$C$2:$C$2920, MATCH(Dashboard_Visual!$B$4, Data_Monitoring!$A$2:$A$2920, 0) + 21 - 1), "") -> 400 | C22: =IF(21<=COUNTIF(Data_Monitoring!$A$2:$A$2920, Dashboard_Visual!$B$4), INDEX(Data_Monitoring!$J$2:$J$2920, MATCH(Dashboard_Visual!$B$4, Data_Monitoring!$A$2:$A$2920, 0) + 21 - 1), NA()) -> 101.08 | D22: =IF(21<=COUNTIF(Data_Monitoring!$A$2:$A$2920, Dashboard_Visual!$B$4), INDEX(Data_Monitoring!$K$2:$K$2920, MATCH(Dashboard_Visual!$B$4, Data_Monitoring!$A$2:$A$2920, 0) + 21 - 1), NA()) -> -0.42 | E22: =IF(21<=COUNTIF(Data_Monitoring!$A$2:$A$2920, Dashboard_Visual!$B$4), INDEX(Data_Monitoring!$H$2:$H$2920, MATCH(Dashboard_Visual!$B$4, Data_Monitoring!$A$2:$A$2920, 0) + 21 - 1), 0) -> 38.52 | F22: =IF(21<=COUNTIF(Data_Monitoring!$A$2:$A$2920, Dashboard_Visual!$B$4), INDEX(Data_Monitoring!$O$2:$O$2920, MATCH(Dashboard_Visual!$B$4, Data_Monitoring!$A$2:$A$2920, 0) + 21 - 1), 0) -> -3.82 | G22: =IF(21<=COUNTIF(Data_Monitoring!$A$2:$A$2920, Dashboard_Visual!$B$4), INDEX(Data_Monitoring!$Q$2:$Q$2920, MATCH(Dashboard_Visual!$B$4, Data_Monitoring!$A$2:$A$2920, 0) + 21 - 1), 0) -> 4.48 | H22: =IF(21<=COUNTIF(Data_Monitoring!$A$2:$A$2920, Dashboard_Visual!$B$4), INDEX(Data_Monitoring!$L$2:$L$2920, MATCH(Dashboard_Visual!$B$4, Data_Monitoring!$A$2:$A$2920, 0) + 21 - 1), "") -> Aman | I22: =IF(AND(21<=$P$2, ISNUMBER(D22), OR(H22="Warning", H22="Overgrade")), TEXT(ABS(D22)/100, "0.00%"), "") | J22: =IF(H22="Aman", C22, NA()) -> 101.08 | K22: =IF(AND(21<=$P$2, H22="Warning"), C22, NA()) -> #N/A | L22: =IF(AND(21<=$P$2, H22="Overgrade"), C22, NA()) -> #N/A | M22: =IF(21<=COUNTIF(Data_Monitoring!$A$2:$A$2920, Dashboard_Visual!$B$4), INDEX(Data_Monitoring!$S$2:$S$2920, MATCH(Dashboard_Visual!$B$4, Data_Monitoring!$A$2:$A$2920, 0) + 21 - 1), 1) -> 1
A23: =IF(22<=COUNTIF(Data_Monitoring!$A$2:$A$2920, Dashboard_Visual!$B$4), INDEX(Data_Monitoring!$B$2:$B$2920, MATCH(Dashboard_Visual!$B$4, Data_Monitoring!$A$2:$A$2920, 0) + 22 - 1), "") -> 0+420 | B23: =IF(22<=COUNTIF(Data_Monitoring!$A$2:$A$2920, Dashboard_Visual!$B$4), INDEX(Data_Monitoring!$C$2:$C$2920, MATCH(Dashboard_Visual!$B$4, Data_Monitoring!$A$2:$A$2920, 0) + 22 - 1), "") -> 420 | C23: =IF(22<=COUNTIF(Data_Monitoring!$A$2:$A$2920, Dashboard_Visual!$B$4), INDEX(Data_Monitoring!$J$2:$J$2920, MATCH(Dashboard_Visual!$B$4, Data_Monitoring!$A$2:$A$2920, 0) + 22 - 1), NA()) -> 101.08 | D23: =IF(22<=COUNTIF(Data_Monitoring!$A$2:$A$2920, Dashboard_Visual!$B$4), INDEX(Data_Monitoring!$K$2:$K$2920, MATCH(Dashboard_Visual!$B$4, Data_Monitoring!$A$2:$A$2920, 0) + 22 - 1), NA()) -> -0.01 | E23: =IF(22<=COUNTIF(Data_Monitoring!$A$2:$A$2920, Dashboard_Visual!$B$4), INDEX(Data_Monitoring!$H$2:$H$2920, MATCH(Dashboard_Visual!$B$4, Data_Monitoring!$A$2:$A$2920, 0) + 22 - 1), 0) -> 40 | F23: =IF(22<=COUNTIF(Data_Monitoring!$A$2:$A$2920, Dashboard_Visual!$B$4), INDEX(Data_Monitoring!$O$2:$O$2920, MATCH(Dashboard_Visual!$B$4, Data_Monitoring!$A$2:$A$2920, 0) + 22 - 1), 0) -> -1.99 | G23: =IF(22<=COUNTIF(Data_Monitoring!$A$2:$A$2920, Dashboard_Visual!$B$4), INDEX(Data_Monitoring!$Q$2:$Q$2920, MATCH(Dashboard_Visual!$B$4, Data_Monitoring!$A$2:$A$2920, 0) + 22 - 1), 0) -> 4.24 | H23: =IF(22<=COUNTIF(Data_Monitoring!$A$2:$A$2920, Dashboard_Visual!$B$4), INDEX(Data_Monitoring!$L$2:$L$2920, MATCH(Dashboard_Visual!$B$4, Data_Monitoring!$A$2:$A$2920, 0) + 22 - 1), "") -> Aman | I23: =IF(AND(22<=$P$2, ISNUMBER(D23), OR(H23="Warning", H23="Overgrade")), TEXT(ABS(D23)/100, "0.00%"), "") | J23: =IF(H23="Aman", C23, NA()) -> 101.08 | K23: =IF(AND(22<=$P$2, H23="Warning"), C23, NA()) -> #N/A | L23: =IF(AND(22<=$P$2, H23="Overgrade"), C23, NA()) -> #N/A | M23: =IF(22<=COUNTIF(Data_Monitoring!$A$2:$A$2920, Dashboard_Visual!$B$4), INDEX(Data_Monitoring!$S$2:$S$2920, MATCH(Dashboard_Visual!$B$4, Data_Monitoring!$A$2:$A$2920, 0) + 22 - 1), 1) -> 1
A24: =IF(23<=COUNTIF(Data_Monitoring!$A$2:$A$2920, Dashboard_Visual!$B$4), INDEX(Data_Monitoring!$B$2:$B$2920, MATCH(Dashboard_Visual!$B$4, Data_Monitoring!$A$2:$A$2920, 0) + 23 - 1), "") -> 0+440 | B24: =IF(23<=COUNTIF(Data_Monitoring!$A$2:$A$2920, Dashboard_Visual!$B$4), INDEX(Data_Monitoring!$C$2:$C$2920, MATCH(Dashboard_Visual!$B$4, Data_Monitoring!$A$2:$A$2920, 0) + 23 - 1), "") -> 440 | C24: =IF(23<=COUNTIF(Data_Monitoring!$A$2:$A$2920, Dashboard_Visual!$B$4), INDEX(Data_Monitoring!$J$2:$J$2920, MATCH(Dashboard_Visual!$B$4, Data_Monitoring!$A$2:$A$2920, 0) + 23 - 1), NA()) -> 102.44 | D24: =IF(23<=COUNTIF(Data_Monitoring!$A$2:$A$2920, Dashboard_Visual!$B$4), INDEX(Data_Monitoring!$K$2:$K$2920, MATCH(Dashboard_Visual!$B$4, Data_Monitoring!$A$2:$A$2920, 0) + 23 - 1), NA()) -> 6.81 | E24: =IF(23<=COUNTIF(Data_Monitoring!$A$2:$A$2920, Dashboard_Visual!$B$4), INDEX(Data_Monitoring!$H$2:$H$2920, MATCH(Dashboard_Visual!$B$4, Data_Monitoring!$A$2:$A$2920, 0) + 23 - 1), 0) -> 37.52 | F24: =IF(23<=COUNTIF(Data_Monitoring!$A$2:$A$2920, Dashboard_Visual!$B$4), INDEX(Data_Monitoring!$O$2:$O$2920, MATCH(Dashboard_Visual!$B$4, Data_Monitoring!$A$2:$A$2920, 0) + 23 - 1), 0) -> -1.32 | G24: =IF(23<=COUNTIF(Data_Monitoring!$A$2:$A$2920, Dashboard_Visual!$B$4), INDEX(Data_Monitoring!$Q$2:$Q$2920, MATCH(Dashboard_Visual!$B$4, Data_Monitoring!$A$2:$A$2920, 0) + 23 - 1), 0) -> 4.07 | H24: =IF(23<=COUNTIF(Data_Monitoring!$A$2:$A$2920, Dashboard_Visual!$B$4), INDEX(Data_Monitoring!$L$2:$L$2920, MATCH(Dashboard_Visual!$B$4, Data_Monitoring!$A$2:$A$2920, 0) + 23 - 1), "") -> Aman | I24: =IF(AND(23<=$P$2, ISNUMBER(D24), OR(H24="Warning", H24="Overgrade")), TEXT(ABS(D24)/100, "0.00%"), "") | J24: =IF(H24="Aman", C24, NA()) -> 102.44 | K24: =IF(AND(23<=$P$2, H24="Warning"), C24, NA()) -> #N/A | L24: =IF(AND(23<=$P$2, H24="Overgrade"), C24, NA()) -> #N/A | M24: =IF(23<=COUNTIF(Data_Monitoring!$A$2:$A$2920, Dashboard_Visual!$B$4), INDEX(Data_Monitoring!$S$2:$S$2920, MATCH(Dashboard_Visual!$B$4, Data_Monitoring!$A$2:$A$2920, 0) + 23 - 1), 1) -> 1
A25: =IF(24<=COUNTIF(Data_Monitoring!$A$2:$A$2920, Dashboard_Visual!$B$4), INDEX(Data_Monitoring!$B$2:$B$2920, MATCH(Dashboard_Visual!$B$4, Data_Monitoring!$A$2:$A$2920, 0) + 24 - 1), "") -> 0+460 | B25: =IF(24<=COUNTIF(Data_Monitoring!$A$2:$A$2920, Dashboard_Visual!$B$4), INDEX(Data_Monitoring!$C$2:$C$2920, MATCH(Dashboard_Visual!$B$4, Data_Monitoring!$A$2:$A$2920, 0) + 24 - 1), "") -> 460 | C25: =IF(24<=COUNTIF(Data_Monitoring!$A$2:$A$2920, Dashboard_Visual!$B$4), INDEX(Data_Monitoring!$J$2:$J$2920, MATCH(Dashboard_Visual!$B$4, Data_Monitoring!$A$2:$A$2920, 0) + 24 - 1), NA()) -> 100.96 | D25: =IF(24<=COUNTIF(Data_Monitoring!$A$2:$A$2920, Dashboard_Visual!$B$4), INDEX(Data_Monitoring!$K$2:$K$2920, MATCH(Dashboard_Visual!$B$4, Data_Monitoring!$A$2:$A$2920, 0) + 24 - 1), NA()) -> -7.4 | E25: =IF(24<=COUNTIF(Data_Monitoring!$A$2:$A$2920, Dashboard_Visual!$B$4), INDEX(Data_Monitoring!$H$2:$H$2920, MATCH(Dashboard_Visual!$B$4, Data_Monitoring!$A$2:$A$2920, 0) + 24 - 1), 0) -> 36.17 | F25: =IF(24<=COUNTIF(Data_Monitoring!$A$2:$A$2920, Dashboard_Visual!$B$4), INDEX(Data_Monitoring!$O$2:$O$2920, MATCH(Dashboard_Visual!$B$4, Data_Monitoring!$A$2:$A$2920, 0) + 24 - 1), 0) -> -3.68 | G25: =IF(24<=COUNTIF(Data_Monitoring!$A$2:$A$2920, Dashboard_Visual!$B$4), INDEX(Data_Monitoring!$Q$2:$Q$2920, MATCH(Dashboard_Visual!$B$4, Data_Monitoring!$A$2:$A$2920, 0) + 24 - 1), 0) -> 3.91 | H25: =IF(24<=COUNTIF(Data_Monitoring!$A$2:$A$2920, Dashboard_Visual!$B$4), INDEX(Data_Monitoring!$L$2:$L$2920, MATCH(Dashboard_Visual!$B$4, Data_Monitoring!$A$2:$A$2920, 0) + 24 - 1), "") -> Aman | I25: =IF(AND(24<=$P$2, ISNUMBER(D25), OR(H25="Warning", H25="Overgrade")), TEXT(ABS(D25)/100, "0.00%"), "") | J25: =IF(H25="Aman", C25, NA()) -> 100.96 | K25: =IF(AND(24<=$P$2, H25="Warning"), C25, NA()) -> #N/A | L25: =IF(AND(24<=$P$2, H25="Overgrade"), C25, NA()) -> #N/A | M25: =IF(24<=COUNTIF(Data_Monitoring!$A$2:$A$2920, Dashboard_Visual!$B$4), INDEX(Data_Monitoring!$S$2:$S$2920, MATCH(Dashboard_Visual!$B$4, Data_Monitoring!$A$2:$A$2920, 0) + 24 - 1), 1) -> 1
A26: =IF(25<=COUNTIF(Data_Monitoring!$A$2:$A$2920, Dashboard_Visual!$B$4), INDEX(Data_Monitoring!$B$2:$B$2920, MATCH(Dashboard_Visual!$B$4, Data_Monitoring!$A$2:$A$2920, 0) + 25 - 1), "") -> 0+480 | B26: =IF(25<=COUNTIF(Data_Monitoring!$A$2:$A$2920, Dashboard_Visual!$B$4), INDEX(Data_Monitoring!$C$2:$C$2920, MATCH(Dashboard_Visual!$B$4, Data_Monitoring!$A$2:$A$2920, 0) + 25 - 1), "") -> 480 | C26: =IF(25<=COUNTIF(Data_Monitoring!$A$2:$A$2920, Dashboard_Visual!$B$4), INDEX(Data_Monitoring!$J$2:$J$2920, MATCH(Dashboard_Visual!$B$4, Data_Monitoring!$A$2:$A$2920, 0) + 25 - 1), NA()) -> 100.87 | D26: =IF(25<=COUNTIF(Data_Monitoring!$A$2:$A$2920, Dashboard_Visual!$B$4), INDEX(Data_Monitoring!$K$2:$K$2920, MATCH(Dashboard_Visual!$B$4, Data_Monitoring!$A$2:$A$2920, 0) + 25 - 1), NA()) -> -0.45 | E26: =IF(25<=COUNTIF(Data_Monitoring!$A$2:$A$2920, Dashboard_Visual!$B$4), INDEX(Data_Monitoring!$H$2:$H$2920, MATCH(Dashboard_Visual!$B$4, Data_Monitoring!$A$2:$A$2920, 0) + 25 - 1), 0) -> 36.28 | F26: =IF(25<=COUNTIF(Data_Monitoring!$A$2:$A$2920, Dashboard_Visual!$B$4), INDEX(Data_Monitoring!$O$2:$O$2920, MATCH(Dashboard_Visual!$B$4, Data_Monitoring!$A$2:$A$2920, 0) + 25 - 1), 0) -> -3.6 | G26: =IF(25<=COUNTIF(Data_Monitoring!$A$2:$A$2920, Dashboard_Visual!$B$4), INDEX(Data_Monitoring!$Q$2:$Q$2920, MATCH(Dashboard_Visual!$B$4, Data_Monitoring!$A$2:$A$2920, 0) + 25 - 1), 0) -> 3.95 | H26: =IF(25<=COUNTIF(Data_Monitoring!$A$2:$A$2920, Dashboard_Visual!$B$4), INDEX(Data_Monitoring!$L$2:$L$2920, MATCH(Dashboard_Visual!$B$4, Data_Monitoring!$A$2:$A$2920, 0) + 25 - 1), "") -> Aman | I26: =IF(AND(25<=$P$2, ISNUMBER(D26), OR(H26="Warning", H26="Overgrade")), TEXT(ABS(D26)/100, "0.00%"), "") | J26: =IF(H26="Aman", C26, NA()) -> 100.87 | K26: =IF(AND(25<=$P$2, H26="Warning"), C26, NA()) -> #N/A | L26: =IF(AND(25<=$P$2, H26="Overgrade"), C26, NA()) -> #N/A | M26: =IF(25<=COUNTIF(Data_Monitoring!$A$2:$A$2920, Dashboard_Visual!$B$4), INDEX(Data_Monitoring!$S$2:$S$2920, MATCH(Dashboard_Visual!$B$4, Data_Monitoring!$A$2:$A$2920, 0) + 25 - 1), 1) -> 1
A27: =IF(26<=COUNTIF(Data_Monitoring!$A$2:$A$2920, Dashboard_Visual!$B$4), INDEX(Data_Monitoring!$B$2:$B$2920, MATCH(Dashboard_Visual!$B$4, Data_Monitoring!$A$2:$A$2920, 0) + 26 - 1), "") -> 0+500 | B27: =IF(26<=COUNTIF(Data_Monitoring!$A$2:$A$2920, Dashboard_Visual!$B$4), INDEX(Data_Monitoring!$C$2:$C$2920, MATCH(Dashboard_Visual!$B$4, Data_Monitoring!$A$2:$A$2920, 0) + 26 - 1), "") -> 500 | C27: =IF(26<=COUNTIF(Data_Monitoring!$A$2:$A$2920, Dashboard_Visual!$B$4), INDEX(Data_Monitoring!$J$2:$J$2920, MATCH(Dashboard_Visual!$B$4, Data_Monitoring!$A$2:$A$2920, 0) + 26 - 1), NA()) -> 100.92 | D27: =IF(26<=COUNTIF(Data_Monitoring!$A$2:$A$2920, Dashboard_Visual!$B$4), INDEX(Data_Monitoring!$K$2:$K$2920, MATCH(Dashboard_Visual!$B$4, Data_Monitoring!$A$2:$A$2920, 0) + 26 - 1), NA()) -> 0.25 | E27: =IF(26<=COUNTIF(Data_Monitoring!$A$2:$A$2920, Dashboard_Visual!$B$4), INDEX(Data_Monitoring!$H$2:$H$2920, MATCH(Dashboard_Visual!$B$4, Data_Monitoring!$A$2:$A$2920, 0) + 26 - 1), 0) -> 36.56 | F27: =IF(26<=COUNTIF(Data_Monitoring!$A$2:$A$2920, Dashboard_Visual!$B$4), INDEX(Data_Monitoring!$O$2:$O$2920, MATCH(Dashboard_Visual!$B$4, Data_Monitoring!$A$2:$A$2920, 0) + 26 - 1), 0) -> -5.34 | G27: =IF(26<=COUNTIF(Data_Monitoring!$A$2:$A$2920, Dashboard_Visual!$B$4), INDEX(Data_Monitoring!$Q$2:$Q$2920, MATCH(Dashboard_Visual!$B$4, Data_Monitoring!$A$2:$A$2920, 0) + 26 - 1), 0) -> 4.13 | H27: =IF(26<=COUNTIF(Data_Monitoring!$A$2:$A$2920, Dashboard_Visual!$B$4), INDEX(Data_Monitoring!$L$2:$L$2920, MATCH(Dashboard_Visual!$B$4, Data_Monitoring!$A$2:$A$2920, 0) + 26 - 1), "") -> Aman | I27: =IF(AND(26<=$P$2, ISNUMBER(D27), OR(H27="Warning", H27="Overgrade")), TEXT(ABS(D27)/100, "0.00%"), "") | J27: =IF(H27="Aman", C27, NA()) -> 100.92 | K27: =IF(AND(26<=$P$2, H27="Warning"), C27, NA()) -> #N/A | L27: =IF(AND(26<=$P$2, H27="Overgrade"), C27, NA()) -> #N/A | M27: =IF(26<=COUNTIF(Data_Monitoring!$A$2:$A$2920, Dashboard_Visual!$B$4), INDEX(Data_Monitoring!$S$2:$S$2920, MATCH(Dashboard_Visual!$B$4, Data_Monitoring!$A$2:$A$2920, 0) + 26 - 1), 1) -> 1
A28: =IF(27<=COUNTIF(Data_Monitoring!$A$2:$A$2920, Dashboard_Visual!$B$4), INDEX(Data_Monitoring!$B$2:$B$2920, MATCH(Dashboard_Visual!$B$4, Data_Monitoring!$A$2:$A$2920, 0) + 27 - 1), "") -> 0+520 | B28: =IF(27<=COUNTIF(Data_Monitoring!$A$2:$A$2920, Dashboard_Visual!$B$4), INDEX(Data_Monitoring!$C$2:$C$2920, MATCH(Dashboard_Visual!$B$4, Data_Monitoring!$A$2:$A$2920, 0) + 27 - 1), "") -> 520 | C28: =IF(27<=COUNTIF(Data_Monitoring!$A$2:$A$2920, Dashboard_Visual!$B$4), INDEX(Data_Monitoring!$J$2:$J$2920, MATCH(Dashboard_Visual!$B$4, Data_Monitoring!$A$2:$A$2920, 0) + 27 - 1), NA()) -> 100.84 | D28: =IF(27<=COUNTIF(Data_Monitoring!$A$2:$A$2920, Dashboard_Visual!$B$4), INDEX(Data_Monitoring!$K$2:$K$2920, MATCH(Dashboard_Visual!$B$4, Data_Monitoring!$A$2:$A$2920, 0) + 27 - 1), NA()) -> -0.44 | E28: =IF(27<=COUNTIF(Data_Monitoring!$A$2:$A$2920, Dashboard_Visual!$B$4), INDEX(Data_Monitoring!$H$2:$H$2920, MATCH(Dashboard_Visual!$B$4, Data_Monitoring!$A$2:$A$2920, 0) + 27 - 1), 0) -> 40 | F28: =IF(27<=COUNTIF(Data_Monitoring!$A$2:$A$2920, Dashboard_Visual!$B$4), INDEX(Data_Monitoring!$O$2:$O$2920, MATCH(Dashboard_Visual!$B$4, Data_Monitoring!$A$2:$A$2920, 0) + 27 - 1), 0) -> -4.11 | G28: =IF(27<=COUNTIF(Data_Monitoring!$A$2:$A$2920, Dashboard_Visual!$B$4), INDEX(Data_Monitoring!$Q$2:$Q$2920, MATCH(Dashboard_Visual!$B$4, Data_Monitoring!$A$2:$A$2920, 0) + 27 - 1), 0) -> 4.14 | H28: =IF(27<=COUNTIF(Data_Monitoring!$A$2:$A$2920, Dashboard_Visual!$B$4), INDEX(Data_Monitoring!$L$2:$L$2920, MATCH(Dashboard_Visual!$B$4, Data_Monitoring!$A$2:$A$2920, 0) + 27 - 1), "") -> Aman | I28: =IF(AND(27<=$P$2, ISNUMBER(D28), OR(H28="Warning", H28="Overgrade")), TEXT(ABS(D28)/100, "0.00%"), "") | J28: =IF(H28="Aman", C28, NA()) -> 100.84 | K28: =IF(AND(27<=$P$2, H28="Warning"), C28, NA()) -> #N/A | L28: =IF(AND(27<=$P$2, H28="Overgrade"), C28, NA()) -> #N/A | M28: =IF(27<=COUNTIF(Data_Monitoring!$A$2:$A$2920, Dashboard_Visual!$B$4), INDEX(Data_Monitoring!$S$2:$S$2920, MATCH(Dashboard_Visual!$B$4, Data_Monitoring!$A$2:$A$2920, 0) + 27 - 1), 1) -> 1
A29: =IF(28<=COUNTIF(Data_Monitoring!$A$2:$A$2920, Dashboard_Visual!$B$4), INDEX(Data_Monitoring!$B$2:$B$2920, MATCH(Dashboard_Visual!$B$4, Data_Monitoring!$A$2:$A$2920, 0) + 28 - 1), "") -> 0+540 | B29: =IF(28<=COUNTIF(Data_Monitoring!$A$2:$A$2920, Dashboard_Visual!$B$4), INDEX(Data_Monitoring!$C$2:$C$2920, MATCH(Dashboard_Visual!$B$4, Data_Monitoring!$A$2:$A$2920, 0) + 28 - 1), "") -> 540 | C29: =IF(28<=COUNTIF(Data_Monitoring!$A$2:$A$2920, Dashboard_Visual!$B$4), INDEX(Data_Monitoring!$J$2:$J$2920, MATCH(Dashboard_Visual!$B$4, Data_Monitoring!$A$2:$A$2920, 0) + 28 - 1), NA()) -> 100.81 | D29: =IF(28<=COUNTIF(Data_Monitoring!$A$2:$A$2920, Dashboard_Visual!$B$4), INDEX(Data_Monitoring!$K$2:$K$2920, MATCH(Dashboard_Visual!$B$4, Data_Monitoring!$A$2:$A$2920, 0) + 28 - 1), NA()) -> -0.13 | E29: =IF(28<=COUNTIF(Data_Monitoring!$A$2:$A$2920, Dashboard_Visual!$B$4), INDEX(Data_Monitoring!$H$2:$H$2920, MATCH(Dashboard_Visual!$B$4, Data_Monitoring!$A$2:$A$2920, 0) + 28 - 1), 0) -> 40 | F29: =IF(28<=COUNTIF(Data_Monitoring!$A$2:$A$2920, Dashboard_Visual!$B$4), INDEX(Data_Monitoring!$O$2:$O$2920, MATCH(Dashboard_Visual!$B$4, Data_Monitoring!$A$2:$A$2920, 0) + 28 - 1), 0) -> -3.52 | G29: =IF(28<=COUNTIF(Data_Monitoring!$A$2:$A$2920, Dashboard_Visual!$B$4), INDEX(Data_Monitoring!$Q$2:$Q$2920, MATCH(Dashboard_Visual!$B$4, Data_Monitoring!$A$2:$A$2920, 0) + 28 - 1), 0) -> 4.3 | H29: =IF(28<=COUNTIF(Data_Monitoring!$A$2:$A$2920, Dashboard_Visual!$B$4), INDEX(Data_Monitoring!$L$2:$L$2920, MATCH(Dashboard_Visual!$B$4, Data_Monitoring!$A$2:$A$2920, 0) + 28 - 1), "") -> Aman | I29: =IF(AND(28<=$P$2, ISNUMBER(D29), OR(H29="Warning", H29="Overgrade")), TEXT(ABS(D29)/100, "0.00%"), "") | J29: =IF(H29="Aman", C29, NA()) -> 100.81 | K29: =IF(AND(28<=$P$2, H29="Warning"), C29, NA()) -> #N/A | L29: =IF(AND(28<=$P$2, H29="Overgrade"), C29, NA()) -> #N/A | M29: =IF(28<=COUNTIF(Data_Monitoring!$A$2:$A$2920, Dashboard_Visual!$B$4), INDEX(Data_Monitoring!$S$2:$S$2920, MATCH(Dashboard_Visual!$B$4, Data_Monitoring!$A$2:$A$2920, 0) + 28 - 1), 1) -> 1
A30: =IF(29<=COUNTIF(Data_Monitoring!$A$2:$A$2920, Dashboard_Visual!$B$4), INDEX(Data_Monitoring!$B$2:$B$2920, MATCH(Dashboard_Visual!$B$4, Data_Monitoring!$A$2:$A$2920, 0) + 29 - 1), "") -> 0+560 | B30: =IF(29<=COUNTIF(Data_Monitoring!$A$2:$A$2920, Dashboard_Visual!$B$4), INDEX(Data_Monitoring!$C$2:$C$2920, MATCH(Dashboard_Visual!$B$4, Data_Monitoring!$A$2:$A$2920, 0) + 29 - 1), "") -> 560 | C30: =IF(29<=COUNTIF(Data_Monitoring!$A$2:$A$2920, Dashboard_Visual!$B$4), INDEX(Data_Monitoring!$J$2:$J$2920, MATCH(Dashboard_Visual!$B$4, Data_Monitoring!$A$2:$A$2920, 0) + 29 - 1), NA()) -> 102.39 | D30: =IF(29<=COUNTIF(Data_Monitoring!$A$2:$A$2920, Dashboard_Visual!$B$4), INDEX(Data_Monitoring!$K$2:$K$2920, MATCH(Dashboard_Visual!$B$4, Data_Monitoring!$A$2:$A$2920, 0) + 29 - 1), NA()) -> 7.91 | E30: =IF(29<=COUNTIF(Data_Monitoring!$A$2:$A$2920, Dashboard_Visual!$B$4), INDEX(Data_Monitoring!$H$2:$H$2920, MATCH(Dashboard_Visual!$B$4, Data_Monitoring!$A$2:$A$2920, 0) + 29 - 1), 0) -> 40 | F30: =IF(29<=COUNTIF(Data_Monitoring!$A$2:$A$2920, Dashboard_Visual!$B$4), INDEX(Data_Monitoring!$O$2:$O$2920, MATCH(Dashboard_Visual!$B$4, Data_Monitoring!$A$2:$A$2920, 0) + 29 - 1), 0) -> -1.28 | G30: =IF(29<=COUNTIF(Data_Monitoring!$A$2:$A$2920, Dashboard_Visual!$B$4), INDEX(Data_Monitoring!$Q$2:$Q$2920, MATCH(Dashboard_Visual!$B$4, Data_Monitoring!$A$2:$A$2920, 0) + 29 - 1), 0) -> 4.38 | H30: =IF(29<=COUNTIF(Data_Monitoring!$A$2:$A$2920, Dashboard_Visual!$B$4), INDEX(Data_Monitoring!$L$2:$L$2920, MATCH(Dashboard_Visual!$B$4, Data_Monitoring!$A$2:$A$2920, 0) + 29 - 1), "") -> Aman | I30: =IF(AND(29<=$P$2, ISNUMBER(D30), OR(H30="Warning", H30="Overgrade")), TEXT(ABS(D30)/100, "0.00%"), "") | J30: =IF(H30="Aman", C30, NA()) -> 102.39 | K30: =IF(AND(29<=$P$2, H30="Warning"), C30, NA()) -> #N/A | L30: =IF(AND(29<=$P$2, H30="Overgrade"), C30, NA()) -> #N/A | M30: =IF(29<=COUNTIF(Data_Monitoring!$A$2:$A$2920, Dashboard_Visual!$B$4), INDEX(Data_Monitoring!$S$2:$S$2920, MATCH(Dashboard_Visual!$B$4, Data_Monitoring!$A$2:$A$2920, 0) + 29 - 1), 1) -> 1
A31: =IF(30<=COUNTIF(Data_Monitoring!$A$2:$A$2920, Dashboard_Visual!$B$4), INDEX(Data_Monitoring!$B$2:$B$2920, MATCH(Dashboard_Visual!$B$4, Data_Monitoring!$A$2:$A$2920, 0) + 30 - 1), "") -> 0+580 | B31: =IF(30<=COUNTIF(Data_Monitoring!$A$2:$A$2920, Dashboard_Visual!$B$4), INDEX(Data_Monitoring!$C$2:$C$2920, MATCH(Dashboard_Visual!$B$4, Data_Monitoring!$A$2:$A$2920, 0) + 30 - 1), "") -> 580 | C31: =IF(30<=COUNTIF(Data_Monitoring!$A$2:$A$2920, Dashboard_Visual!$B$4), INDEX(Data_Monitoring!$J$2:$J$2920, MATCH(Dashboard_Visual!$B$4, Data_Monitoring!$A$2:$A$2920, 0) + 30 - 1), NA()) -> 100.64 | D31: =IF(30<=COUNTIF(Data_Monitoring!$A$2:$A$2920, Dashboard_Visual!$B$4), INDEX(Data_Monitoring!$K$2:$K$2920, MATCH(Dashboard_Visual!$B$4, Data_Monitoring!$A$2:$A$2920, 0) + 30 - 1), NA()) -> -8.77 | E31: =IF(30<=COUNTIF(Data_Monitoring!$A$2:$A$2920, Dashboard_Visual!$B$4), INDEX(Data_Monitoring!$H$2:$H$2920, MATCH(Dashboard_Visual!$B$4, Data_Monitoring!$A$2:$A$2920, 0) + 30 - 1), 0) -> 40 | F31: =IF(30<=COUNTIF(Data_Monitoring!$A$2:$A$2920, Dashboard_Visual!$B$4), INDEX(Data_Monitoring!$O$2:$O$2920, MATCH(Dashboard_Visual!$B$4, Data_Monitoring!$A$2:$A$2920, 0) + 30 - 1), 0) -> -4.38 | G31: =IF(30<=COUNTIF(Data_Monitoring!$A$2:$A$2920, Dashboard_Visual!$B$4), INDEX(Data_Monitoring!$Q$2:$Q$2920, MATCH(Dashboard_Visual!$B$4, Data_Monitoring!$A$2:$A$2920, 0) + 30 - 1), 0) -> 2.14 | H31: =IF(30<=COUNTIF(Data_Monitoring!$A$2:$A$2920, Dashboard_Visual!$B$4), INDEX(Data_Monitoring!$L$2:$L$2920, MATCH(Dashboard_Visual!$B$4, Data_Monitoring!$A$2:$A$2920, 0) + 30 - 1), "") -> Warning | I31: =IF(AND(30<=$P$2, ISNUMBER(D31), OR(H31="Warning", H31="Overgrade")), TEXT(ABS(D31)/100, "0.00%"), "") -> 009% | J31: =IF(H31="Aman", C31, NA()) -> #N/A | K31: =IF(AND(30<=$P$2, H31="Warning"), C31, NA()) -> 100.64 | L31: =IF(AND(30<=$P$2, H31="Overgrade"), C31, NA()) -> #N/A | M31: =IF(30<=COUNTIF(Data_Monitoring!$A$2:$A$2920, Dashboard_Visual!$B$4), INDEX(Data_Monitoring!$S$2:$S$2920, MATCH(Dashboard_Visual!$B$4, Data_Monitoring!$A$2:$A$2920, 0) + 30 - 1), 1) -> 1
A32: =IF(31<=COUNTIF(Data_Monitoring!$A$2:$A$2920, Dashboard_Visual!$B$4), INDEX(Data_Monitoring!$B$2:$B$2920, MATCH(Dashboard_Visual!$B$4, Data_Monitoring!$A$2:$A$2920, 0) + 31 - 1), "") -> 0+600 | B32: =IF(31<=COUNTIF(Data_Monitoring!$A$2:$A$2920, Dashboard_Visual!$B$4), INDEX(Data_Monitoring!$C$2:$C$2920, MATCH(Dashboard_Visual!$B$4, Data_Monitoring!$A$2:$A$2920, 0) + 31 - 1), "") -> 600 | C32: =IF(31<=COUNTIF(Data_Monitoring!$A$2:$A$2920, Dashboard_Visual!$B$4), INDEX(Data_Monitoring!$J$2:$J$2920, MATCH(Dashboard_Visual!$B$4, Data_Monitoring!$A$2:$A$2920, 0) + 31 - 1), NA()) -> 100.8 | D32: =IF(31<=COUNTIF(Data_Monitoring!$A$2:$A$2920, Dashboard_Visual!$B$4), INDEX(Data_Monitoring!$K$2:$K$2920, MATCH(Dashboard_Visual!$B$4, Data_Monitoring!$A$2:$A$2920, 0) + 31 - 1), NA()) -> 0.81 | E32: =IF(31<=COUNTIF(Data_Monitoring!$A$2:$A$2920, Dashboard_Visual!$B$4), INDEX(Data_Monitoring!$H$2:$H$2920, MATCH(Dashboard_Visual!$B$4, Data_Monitoring!$A$2:$A$2920, 0) + 31 - 1), 0) -> 40 | F32: =IF(31<=COUNTIF(Data_Monitoring!$A$2:$A$2920, Dashboard_Visual!$B$4), INDEX(Data_Monitoring!$O$2:$O$2920, MATCH(Dashboard_Visual!$B$4, Data_Monitoring!$A$2:$A$2920, 0) + 31 - 1), 0) -> -4.17 | G32: =IF(31<=COUNTIF(Data_Monitoring!$A$2:$A$2920, Dashboard_Visual!$B$4), INDEX(Data_Monitoring!$Q$2:$Q$2920, MATCH(Dashboard_Visual!$B$4, Data_Monitoring!$A$2:$A$2920, 0) + 31 - 1), 0) -> 4.92 | H32: =IF(31<=COUNTIF(Data_Monitoring!$A$2:$A$2920, Dashboard_Visual!$B$4), INDEX(Data_Monitoring!$L$2:$L$2920, MATCH(Dashboard_Visual!$B$4, Data_Monitoring!$A$2:$A$2920, 0) + 31 - 1), "") -> Aman | I32: =IF(AND(31<=$P$2, ISNUMBER(D32), OR(H32="Warning", H32="Overgrade")), TEXT(ABS(D32)/100, "0.00%"), "") | J32: =IF(H32="Aman", C32, NA()) -> 100.8 | K32: =IF(AND(31<=$P$2, H32="Warning"), C32, NA()) -> #N/A | L32: =IF(AND(31<=$P$2, H32="Overgrade"), C32, NA()) -> #N/A | M32: =IF(31<=COUNTIF(Data_Monitoring!$A$2:$A$2920, Dashboard_Visual!$B$4), INDEX(Data_Monitoring!$S$2:$S$2920, MATCH(Dashboard_Visual!$B$4, Data_Monitoring!$A$2:$A$2920, 0) + 31 - 1), 1) -> 1
A33: =IF(32<=COUNTIF(Data_Monitoring!$A$2:$A$2920, Dashboard_Visual!$B$4), INDEX(Data_Monitoring!$B$2:$B$2920, MATCH(Dashboard_Visual!$B$4, Data_Monitoring!$A$2:$A$2920, 0) + 32 - 1), "") -> 0+620 | B33: =IF(32<=COUNTIF(Data_Monitoring!$A$2:$A$2920, Dashboard_Visual!$B$4), INDEX(Data_Monitoring!$C$2:$C$2920, MATCH(Dashboard_Visual!$B$4, Data_Monitoring!$A$2:$A$2920, 0) + 32 - 1), "") -> 620 | C33: =IF(32<=COUNTIF(Data_Monitoring!$A$2:$A$2920, Dashboard_Visual!$B$4), INDEX(Data_Monitoring!$J$2:$J$2920, MATCH(Dashboard_Visual!$B$4, Data_Monitoring!$A$2:$A$2920, 0) + 32 - 1), NA()) -> 100.83 | D33: =IF(32<=COUNTIF(Data_Monitoring!$A$2:$A$2920, Dashboard_Visual!$B$4), INDEX(Data_Monitoring!$K$2:$K$2920, MATCH(Dashboard_Visual!$B$4, Data_Monitoring!$A$2:$A$2920, 0) + 32 - 1), NA()) -> 0.16 | E33: =IF(32<=COUNTIF(Data_Monitoring!$A$2:$A$2920, Dashboard_Visual!$B$4), INDEX(Data_Monitoring!$H$2:$H$2920, MATCH(Dashboard_Visual!$B$4, Data_Monitoring!$A$2:$A$2920, 0) + 32 - 1), 0) -> 40 | F33: =IF(32<=COUNTIF(Data_Monitoring!$A$2:$A$2920, Dashboard_Visual!$B$4), INDEX(Data_Monitoring!$O$2:$O$2920, MATCH(Dashboard_Visual!$B$4, Data_Monitoring!$A$2:$A$2920, 0) + 32 - 1), 0) -> -4.44 | G33: =IF(32<=COUNTIF(Data_Monitoring!$A$2:$A$2920, Dashboard_Visual!$B$4), INDEX(Data_Monitoring!$Q$2:$Q$2920, MATCH(Dashboard_Visual!$B$4, Data_Monitoring!$A$2:$A$2920, 0) + 32 - 1), 0) -> 4.29 | H33: =IF(32<=COUNTIF(Data_Monitoring!$A$2:$A$2920, Dashboard_Visual!$B$4), INDEX(Data_Monitoring!$L$2:$L$2920, MATCH(Dashboard_Visual!$B$4, Data_Monitoring!$A$2:$A$2920, 0) + 32 - 1), "") -> Aman | I33: =IF(AND(32<=$P$2, ISNUMBER(D33), OR(H33="Warning", H33="Overgrade")), TEXT(ABS(D33)/100, "0.00%"), "") | J33: =IF(H33="Aman", C33, NA()) -> 100.83 | K33: =IF(AND(32<=$P$2, H33="Warning"), C33, NA()) -> #N/A | L33: =IF(AND(32<=$P$2, H33="Overgrade"), C33, NA()) -> #N/A | M33: =IF(32<=COUNTIF(Data_Monitoring!$A$2:$A$2920, Dashboard_Visual!$B$4), INDEX(Data_Monitoring!$S$2:$S$2920, MATCH(Dashboard_Visual!$B$4, Data_Monitoring!$A$2:$A$2920, 0) + 32 - 1), 1) -> 1
A34: =IF(33<=COUNTIF(Data_Monitoring!$A$2:$A$2920, Dashboard_Visual!$B$4), INDEX(Data_Monitoring!$B$2:$B$2920, MATCH(Dashboard_Visual!$B$4, Data_Monitoring!$A$2:$A$2920, 0) + 33 - 1), "") -> 0+640 | B34: =IF(33<=COUNTIF(Data_Monitoring!$A$2:$A$2920, Dashboard_Visual!$B$4), INDEX(Data_Monitoring!$C$2:$C$2920, MATCH(Dashboard_Visual!$B$4, Data_Monitoring!$A$2:$A$2920, 0) + 33 - 1), "") -> 640 | C34: =IF(33<=COUNTIF(Data_Monitoring!$A$2:$A$2920, Dashboard_Visual!$B$4), INDEX(Data_Monitoring!$J$2:$J$2920, MATCH(Dashboard_Visual!$B$4, Data_Monitoring!$A$2:$A$2920, 0) + 33 - 1), NA()) -> 100.59 | D34: =IF(33<=COUNTIF(Data_Monitoring!$A$2:$A$2920, Dashboard_Visual!$B$4), INDEX(Data_Monitoring!$K$2:$K$2920, MATCH(Dashboard_Visual!$B$4, Data_Monitoring!$A$2:$A$2920, 0) + 33 - 1), NA()) -> -1.21 | E34: =IF(33<=COUNTIF(Data_Monitoring!$A$2:$A$2920, Dashboard_Visual!$B$4), INDEX(Data_Monitoring!$H$2:$H$2920, MATCH(Dashboard_Visual!$B$4, Data_Monitoring!$A$2:$A$2920, 0) + 33 - 1), 0) -> 40 | F34: =IF(33<=COUNTIF(Data_Monitoring!$A$2:$A$2920, Dashboard_Visual!$B$4), INDEX(Data_Monitoring!$O$2:$O$2920, MATCH(Dashboard_Visual!$B$4, Data_Monitoring!$A$2:$A$2920, 0) + 33 - 1), 0) -> -5.16 | G34: =IF(33<=COUNTIF(Data_Monitoring!$A$2:$A$2920, Dashboard_Visual!$B$4), INDEX(Data_Monitoring!$Q$2:$Q$2920, MATCH(Dashboard_Visual!$B$4, Data_Monitoring!$A$2:$A$2920, 0) + 33 - 1), 0) -> -2.12 | H34: =IF(33<=COUNTIF(Data_Monitoring!$A$2:$A$2920, Dashboard_Visual!$B$4), INDEX(Data_Monitoring!$L$2:$L$2920, MATCH(Dashboard_Visual!$B$4, Data_Monitoring!$A$2:$A$2920, 0) + 33 - 1), "") -> Aman | I34: =IF(AND(33<=$P$2, ISNUMBER(D34), OR(H34="Warning", H34="Overgrade")), TEXT(ABS(D34)/100, "0.00%"), "") | J34: =IF(H34="Aman", C34, NA()) -> 100.59 | K34: =IF(AND(33<=$P$2, H34="Warning"), C34, NA()) -> #N/A | L34: =IF(AND(33<=$P$2, H34="Overgrade"), C34, NA()) -> #N/A | M34: =IF(33<=COUNTIF(Data_Monitoring!$A$2:$A$2920, Dashboard_Visual!$B$4), INDEX(Data_Monitoring!$S$2:$S$2920, MATCH(Dashboard_Visual!$B$4, Data_Monitoring!$A$2:$A$2920, 0) + 33 - 1), 1) -> 1
A35: =IF(34<=COUNTIF(Data_Monitoring!$A$2:$A$2920, Dashboard_Visual!$B$4), INDEX(Data_Monitoring!$B$2:$B$2920, MATCH(Dashboard_Visual!$B$4, Data_Monitoring!$A$2:$A$2920, 0) + 34 - 1), "") -> 0+660 | B35: =IF(34<=COUNTIF(Data_Monitoring!$A$2:$A$2920, Dashboard_Visual!$B$4), INDEX(Data_Monitoring!$C$2:$C$2920, MATCH(Dashboard_Visual!$B$4, Data_Monitoring!$A$2:$A$2920, 0) + 34 - 1), "") -> 660 | C35: =IF(34<=COUNTIF(Data_Monitoring!$A$2:$A$2920, Dashboard_Visual!$B$4), INDEX(Data_Monitoring!$J$2:$J$2920, MATCH(Dashboard_Visual!$B$4, Data_Monitoring!$A$2:$A$2920, 0) + 34 - 1), NA()) -> 100.35 | D35: =IF(34<=COUNTIF(Data_Monitoring!$A$2:$A$2920, Dashboard_Visual!$B$4), INDEX(Data_Monitoring!$K$2:$K$2920, MATCH(Dashboard_Visual!$B$4, Data_Monitoring!$A$2:$A$2920, 0) + 34 - 1), NA()) -> -1.18 | E35: =IF(34<=COUNTIF(Data_Monitoring!$A$2:$A$2920, Dashboard_Visual!$B$4), INDEX(Data_Monitoring!$H$2:$H$2920, MATCH(Dashboard_Visual!$B$4, Data_Monitoring!$A$2:$A$2920, 0) + 34 - 1), 0) -> 40 | F35: =IF(34<=COUNTIF(Data_Monitoring!$A$2:$A$2920, Dashboard_Visual!$B$4), INDEX(Data_Monitoring!$O$2:$O$2920, MATCH(Dashboard_Visual!$B$4, Data_Monitoring!$A$2:$A$2920, 0) + 34 - 1), 0) -> -6.19 | G35: =IF(34<=COUNTIF(Data_Monitoring!$A$2:$A$2920, Dashboard_Visual!$B$4), INDEX(Data_Monitoring!$Q$2:$Q$2920, MATCH(Dashboard_Visual!$B$4, Data_Monitoring!$A$2:$A$2920, 0) + 34 - 1), 0) -> 1.87 | H35: =IF(34<=COUNTIF(Data_Monitoring!$A$2:$A$2920, Dashboard_Visual!$B$4), INDEX(Data_Monitoring!$L$2:$L$2920, MATCH(Dashboard_Visual!$B$4, Data_Monitoring!$A$2:$A$2920, 0) + 34 - 1), "") -> Aman | I35: =IF(AND(34<=$P$2, ISNUMBER(D35), OR(H35="Warning", H35="Overgrade")), TEXT(ABS(D35)/100, "0.00%"), "") | J35: =IF(H35="Aman", C35, NA()) -> 100.35 | K35: =IF(AND(34<=$P$2, H35="Warning"), C35, NA()) -> #N/A | L35: =IF(AND(34<=$P$2, H35="Overgrade"), C35, NA()) -> #N/A | M35: =IF(34<=COUNTIF(Data_Monitoring!$A$2:$A$2920, Dashboard_Visual!$B$4), INDEX(Data_Monitoring!$S$2:$S$2920, MATCH(Dashboard_Visual!$B$4, Data_Monitoring!$A$2:$A$2920, 0) + 34 - 1), 1) -> 1
A36: =IF(35<=COUNTIF(Data_Monitoring!$A$2:$A$2920, Dashboard_Visual!$B$4), INDEX(Data_Monitoring!$B$2:$B$2920, MATCH(Dashboard_Visual!$B$4, Data_Monitoring!$A$2:$A$2920, 0) + 35 - 1), "") -> 0+680 | B36: =IF(35<=COUNTIF(Data_Monitoring!$A$2:$A$2920, Dashboard_Visual!$B$4), INDEX(Data_Monitoring!$C$2:$C$2920, MATCH(Dashboard_Visual!$B$4, Data_Monitoring!$A$2:$A$2920, 0) + 35 - 1), "") -> 680 | C36: =IF(35<=COUNTIF(Data_Monitoring!$A$2:$A$2920, Dashboard_Visual!$B$4), INDEX(Data_Monitoring!$J$2:$J$2920, MATCH(Dashboard_Visual!$B$4, Data_Monitoring!$A$2:$A$2920, 0) + 35 - 1), NA()) -> 100.52 | D36: =IF(35<=COUNTIF(Data_Monitoring!$A$2:$A$2920, Dashboard_Visual!$B$4), INDEX(Data_Monitoring!$K$2:$K$2920, MATCH(Dashboard_Visual!$B$4, Data_Monitoring!$A$2:$A$2920, 0) + 35 - 1), NA()) -> 0.84 | E36: =IF(35<=COUNTIF(Data_Monitoring!$A$2:$A$2920, Dashboard_Visual!$B$4), INDEX(Data_Monitoring!$H$2:$H$2920, MATCH(Dashboard_Visual!$B$4, Data_Monitoring!$A$2:$A$2920, 0) + 35 - 1), 0) -> 36.11 | F36: =IF(35<=COUNTIF(Data_Monitoring!$A$2:$A$2920, Dashboard_Visual!$B$4), INDEX(Data_Monitoring!$O$2:$O$2920, MATCH(Dashboard_Visual!$B$4, Data_Monitoring!$A$2:$A$2920, 0) + 35 - 1), 0) -> -5.34 | G36: =IF(35<=COUNTIF(Data_Monitoring!$A$2:$A$2920, Dashboard_Visual!$B$4), INDEX(Data_Monitoring!$Q$2:$Q$2920, MATCH(Dashboard_Visual!$B$4, Data_Monitoring!$A$2:$A$2920, 0) + 35 - 1), 0) -> -8.11 | H36: =IF(35<=COUNTIF(Data_Monitoring!$A$2:$A$2920, Dashboard_Visual!$B$4), INDEX(Data_Monitoring!$L$2:$L$2920, MATCH(Dashboard_Visual!$B$4, Data_Monitoring!$A$2:$A$2920, 0) + 35 - 1), "") -> Aman | I36: =IF(AND(35<=$P$2, ISNUMBER(D36), OR(H36="Warning", H36="Overgrade")), TEXT(ABS(D36)/100, "0.00%"), "") | J36: =IF(H36="Aman", C36, NA()) -> 100.52 | K36: =IF(AND(35<=$P$2, H36="Warning"), C36, NA()) -> #N/A | L36: =IF(AND(35<=$P$2, H36="Overgrade"), C36, NA()) -> #N/A | M36: =IF(35<=COUNTIF(Data_Monitoring!$A$2:$A$2920, Dashboard_Visual!$B$4), INDEX(Data_Monitoring!$S$2:$S$2920, MATCH(Dashboard_Visual!$B$4, Data_Monitoring!$A$2:$A$2920, 0) + 35 - 1), 1) -> 1
A37: =IF(36<=COUNTIF(Data_Monitoring!$A$2:$A$2920, Dashboard_Visual!$B$4), INDEX(Data_Monitoring!$B$2:$B$2920, MATCH(Dashboard_Visual!$B$4, Data_Monitoring!$A$2:$A$2920, 0) + 36 - 1), "") -> 0+700 | B37: =IF(36<=COUNTIF(Data_Monitoring!$A$2:$A$2920, Dashboard_Visual!$B$4), INDEX(Data_Monitoring!$C$2:$C$2920, MATCH(Dashboard_Visual!$B$4, Data_Monitoring!$A$2:$A$2920, 0) + 36 - 1), "") -> 700 | C37: =IF(36<=COUNTIF(Data_Monitoring!$A$2:$A$2920, Dashboard_Visual!$B$4), INDEX(Data_Monitoring!$J$2:$J$2920, MATCH(Dashboard_Visual!$B$4, Data_Monitoring!$A$2:$A$2920, 0) + 36 - 1), NA()) -> 101.49 | D37: =IF(36<=COUNTIF(Data_Monitoring!$A$2:$A$2920, Dashboard_Visual!$B$4), INDEX(Data_Monitoring!$K$2:$K$2920, MATCH(Dashboard_Visual!$B$4, Data_Monitoring!$A$2:$A$2920, 0) + 36 - 1), NA()) -> 4.84 | E37: =IF(36<=COUNTIF(Data_Monitoring!$A$2:$A$2920, Dashboard_Visual!$B$4), INDEX(Data_Monitoring!$H$2:$H$2920, MATCH(Dashboard_Visual!$B$4, Data_Monitoring!$A$2:$A$2920, 0) + 36 - 1), 0) -> 36.85 | F37: =IF(36<=COUNTIF(Data_Monitoring!$A$2:$A$2920, Dashboard_Visual!$B$4), INDEX(Data_Monitoring!$O$2:$O$2920, MATCH(Dashboard_Visual!$B$4, Data_Monitoring!$A$2:$A$2920, 0) + 36 - 1), 0) -> -3.72 | G37: =IF(36<=COUNTIF(Data_Monitoring!$A$2:$A$2920, Dashboard_Visual!$B$4), INDEX(Data_Monitoring!$Q$2:$Q$2920, MATCH(Dashboard_Visual!$B$4, Data_Monitoring!$A$2:$A$2920, 0) + 36 - 1), 0) -> 2.24 | H37: =IF(36<=COUNTIF(Data_Monitoring!$A$2:$A$2920, Dashboard_Visual!$B$4), INDEX(Data_Monitoring!$L$2:$L$2920, MATCH(Dashboard_Visual!$B$4, Data_Monitoring!$A$2:$A$2920, 0) + 36 - 1), "") -> Aman | I37: =IF(AND(36<=$P$2, ISNUMBER(D37), OR(H37="Warning", H37="Overgrade")), TEXT(ABS(D37)/100, "0.00%"), "") | J37: =IF(H37="Aman", C37, NA()) -> 101.49 | K37: =IF(AND(36<=$P$2, H37="Warning"), C37, NA()) -> #N/A | L37: =IF(AND(36<=$P$2, H37="Overgrade"), C37, NA()) -> #N/A | M37: =IF(36<=COUNTIF(Data_Monitoring!$A$2:$A$2920, Dashboard_Visual!$B$4), INDEX(Data_Monitoring!$S$2:$S$2920, MATCH(Dashboard_Visual!$B$4, Data_Monitoring!$A$2:$A$2920, 0) + 36 - 1), 1) -> 1
A38: =IF(37<=COUNTIF(Data_Monitoring!$A$2:$A$2920, Dashboard_Visual!$B$4), INDEX(Data_Monitoring!$B$2:$B$2920, MATCH(Dashboard_Visual!$B$4, Data_Monitoring!$A$2:$A$2920, 0) + 37 - 1), "") -> 0+720 | B38: =IF(37<=COUNTIF(Data_Monitoring!$A$2:$A$2920, Dashboard_Visual!$B$4), INDEX(Data_Monitoring!$C$2:$C$2920, MATCH(Dashboard_Visual!$B$4, Data_Monitoring!$A$2:$A$2920, 0) + 37 - 1), "") -> 720 | C38: =IF(37<=COUNTIF(Data_Monitoring!$A$2:$A$2920, Dashboard_Visual!$B$4), INDEX(Data_Monitoring!$J$2:$J$2920, MATCH(Dashboard_Visual!$B$4, Data_Monitoring!$A$2:$A$2920, 0) + 37 - 1), NA()) -> 99.74 | D38: =IF(37<=COUNTIF(Data_Monitoring!$A$2:$A$2920, Dashboard_Visual!$B$4), INDEX(Data_Monitoring!$K$2:$K$2920, MATCH(Dashboard_Visual!$B$4, Data_Monitoring!$A$2:$A$2920, 0) + 37 - 1), NA()) -> -8.74 | E38: =IF(37<=COUNTIF(Data_Monitoring!$A$2:$A$2920, Dashboard_Visual!$B$4), INDEX(Data_Monitoring!$H$2:$H$2920, MATCH(Dashboard_Visual!$B$4, Data_Monitoring!$A$2:$A$2920, 0) + 37 - 1), 0) -> 33.72 | F38: =IF(37<=COUNTIF(Data_Monitoring!$A$2:$A$2920, Dashboard_Visual!$B$4), INDEX(Data_Monitoring!$O$2:$O$2920, MATCH(Dashboard_Visual!$B$4, Data_Monitoring!$A$2:$A$2920, 0) + 37 - 1), 0) -> -6.04 | G38: =IF(37<=COUNTIF(Data_Monitoring!$A$2:$A$2920, Dashboard_Visual!$B$4), INDEX(Data_Monitoring!$Q$2:$Q$2920, MATCH(Dashboard_Visual!$B$4, Data_Monitoring!$A$2:$A$2920, 0) + 37 - 1), 0) -> 2.75 | H38: =IF(37<=COUNTIF(Data_Monitoring!$A$2:$A$2920, Dashboard_Visual!$B$4), INDEX(Data_Monitoring!$L$2:$L$2920, MATCH(Dashboard_Visual!$B$4, Data_Monitoring!$A$2:$A$2920, 0) + 37 - 1), "") -> Warning | I38: =IF(AND(37<=$P$2, ISNUMBER(D38), OR(H38="Warning", H38="Overgrade")), TEXT(ABS(D38)/100, "0.00%"), "") -> 009% | J38: =IF(H38="Aman", C38, NA()) -> #N/A | K38: =IF(AND(37<=$P$2, H38="Warning"), C38, NA()) -> 99.74 | L38: =IF(AND(37<=$P$2, H38="Overgrade"), C38, NA()) -> #N/A | M38: =IF(37<=COUNTIF(Data_Monitoring!$A$2:$A$2920, Dashboard_Visual!$B$4), INDEX(Data_Monitoring!$S$2:$S$2920, MATCH(Dashboard_Visual!$B$4, Data_Monitoring!$A$2:$A$2920, 0) + 37 - 1), 1) -> 1
A39: =IF(38<=COUNTIF(Data_Monitoring!$A$2:$A$2920, Dashboard_Visual!$B$4), INDEX(Data_Monitoring!$B$2:$B$2920, MATCH(Dashboard_Visual!$B$4, Data_Monitoring!$A$2:$A$2920, 0) + 38 - 1), "") -> 0+740 | B39: =IF(38<=COUNTIF(Data_Monitoring!$A$2:$A$2920, Dashboard_Visual!$B$4), INDEX(Data_Monitoring!$C$2:$C$2920, MATCH(Dashboard_Visual!$B$4, Data_Monitoring!$A$2:$A$2920, 0) + 38 - 1), "") -> 740 | C39: =IF(38<=COUNTIF(Data_Monitoring!$A$2:$A$2920, Dashboard_Visual!$B$4), INDEX(Data_Monitoring!$J$2:$J$2920, MATCH(Dashboard_Visual!$B$4, Data_Monitoring!$A$2:$A$2920, 0) + 38 - 1), NA()) -> 98.91 | D39: =IF(38<=COUNTIF(Data_Monitoring!$A$2:$A$2920, Dashboard_Visual!$B$4), INDEX(Data_Monitoring!$K$2:$K$2920, MATCH(Dashboard_Visual!$B$4, Data_Monitoring!$A$2:$A$2920, 0) + 38 - 1), NA()) -> -4.18 | E39: =IF(38<=COUNTIF(Data_Monitoring!$A$2:$A$2920, Dashboard_Visual!$B$4), INDEX(Data_Monitoring!$H$2:$H$2920, MATCH(Dashboard_Visual!$B$4, Data_Monitoring!$A$2:$A$2920, 0) + 38 - 1), 0) -> 33.7 | F39: =IF(38<=COUNTIF(Data_Monitoring!$A$2:$A$2920, Dashboard_Visual!$B$4), INDEX(Data_Monitoring!$O$2:$O$2920, MATCH(Dashboard_Visual!$B$4, Data_Monitoring!$A$2:$A$2920, 0) + 38 - 1), 0) -> -2.19 | G39: =IF(38<=COUNTIF(Data_Monitoring!$A$2:$A$2920, Dashboard_Visual!$B$4), INDEX(Data_Monitoring!$Q$2:$Q$2920, MATCH(Dashboard_Visual!$B$4, Data_Monitoring!$A$2:$A$2920, 0) + 38 - 1), 0) -> 5.36 | H39: =IF(38<=COUNTIF(Data_Monitoring!$A$2:$A$2920, Dashboard_Visual!$B$4), INDEX(Data_Monitoring!$L$2:$L$2920, MATCH(Dashboard_Visual!$B$4, Data_Monitoring!$A$2:$A$2920, 0) + 38 - 1), "") -> Aman | I39: =IF(AND(38<=$P$2, ISNUMBER(D39), OR(H39="Warning", H39="Overgrade")), TEXT(ABS(D39)/100, "0.00%"), "") | J39: =IF(H39="Aman", C39, NA()) -> 98.91 | K39: =IF(AND(38<=$P$2, H39="Warning"), C39, NA()) -> #N/A | L39: =IF(AND(38<=$P$2, H39="Overgrade"), C39, NA()) -> #N/A | M39: =IF(38<=COUNTIF(Data_Monitoring!$A$2:$A$2920, Dashboard_Visual!$B$4), INDEX(Data_Monitoring!$S$2:$S$2920, MATCH(Dashboard_Visual!$B$4, Data_Monitoring!$A$2:$A$2920, 0) + 38 - 1), 1) -> 1
A40: =IF(39<=COUNTIF(Data_Monitoring!$A$2:$A$2920, Dashboard_Visual!$B$4), INDEX(Data_Monitoring!$B$2:$B$2920, MATCH(Dashboard_Visual!$B$4, Data_Monitoring!$A$2:$A$2920, 0) + 39 - 1), "") -> 0+760 | B40: =IF(39<=COUNTIF(Data_Monitoring!$A$2:$A$2920, Dashboard_Visual!$B$4), INDEX(Data_Monitoring!$C$2:$C$2920, MATCH(Dashboard_Visual!$B$4, Data_Monitoring!$A$2:$A$2920, 0) + 39 - 1), "") -> 760 | C40: =IF(39<=COUNTIF(Data_Monitoring!$A$2:$A$2920, Dashboard_Visual!$B$4), INDEX(Data_Monitoring!$J$2:$J$2920, MATCH(Dashboard_Visual!$B$4, Data_Monitoring!$A$2:$A$2920, 0) + 39 - 1), NA()) -> 98.03 | D40: =IF(39<=COUNTIF(Data_Monitoring!$A$2:$A$2920, Dashboard_Visual!$B$4), INDEX(Data_Monitoring!$K$2:$K$2920, MATCH(Dashboard_Visual!$B$4, Data_Monitoring!$A$2:$A$2920, 0) + 39 - 1), NA()) -> -4.39 | E40: =IF(39<=COUNTIF(Data_Monitoring!$A$2:$A$2920, Dashboard_Visual!$B$4), INDEX(Data_Monitoring!$H$2:$H$2920, MATCH(Dashboard_Visual!$B$4, Data_Monitoring!$A$2:$A$2920, 0) + 39 - 1), 0) -> 32.62 | F40: =IF(39<=COUNTIF(Data_Monitoring!$A$2:$A$2920, Dashboard_Visual!$B$4), INDEX(Data_Monitoring!$O$2:$O$2920, MATCH(Dashboard_Visual!$B$4, Data_Monitoring!$A$2:$A$2920, 0) + 39 - 1), 0) -> -3.58 | G40: =IF(39<=COUNTIF(Data_Monitoring!$A$2:$A$2920, Dashboard_Visual!$B$4), INDEX(Data_Monitoring!$Q$2:$Q$2920, MATCH(Dashboard_Visual!$B$4, Data_Monitoring!$A$2:$A$2920, 0) + 39 - 1), 0) -> 5.62 | H40: =IF(39<=COUNTIF(Data_Monitoring!$A$2:$A$2920, Dashboard_Visual!$B$4), INDEX(Data_Monitoring!$L$2:$L$2920, MATCH(Dashboard_Visual!$B$4, Data_Monitoring!$A$2:$A$2920, 0) + 39 - 1), "") -> Aman | I40: =IF(AND(39<=$P$2, ISNUMBER(D40), OR(H40="Warning", H40="Overgrade")), TEXT(ABS(D40)/100, "0.00%"), "") | J40: =IF(H40="Aman", C40, NA()) -> 98.03 | K40: =IF(AND(39<=$P$2, H40="Warning"), C40, NA()) -> #N/A | L40: =IF(AND(39<=$P$2, H40="Overgrade"), C40, NA()) -> #N/A | M40: =IF(39<=COUNTIF(Data_Monitoring!$A$2:$A$2920, Dashboard_Visual!$B$4), INDEX(Data_Monitoring!$S$2:$S$2920, MATCH(Dashboard_Visual!$B$4, Data_Monitoring!$A$2:$A$2920, 0) + 39 - 1), 1) -> 1
A41: =IF(40<=COUNTIF(Data_Monitoring!$A$2:$A$2920, Dashboard_Visual!$B$4), INDEX(Data_Monitoring!$B$2:$B$2920, MATCH(Dashboard_Visual!$B$4, Data_Monitoring!$A$2:$A$2920, 0) + 40 - 1), "") -> 0+780 | B41: =IF(40<=COUNTIF(Data_Monitoring!$A$2:$A$2920, Dashboard_Visual!$B$4), INDEX(Data_Monitoring!$C$2:$C$2920, MATCH(Dashboard_Visual!$B$4, Data_Monitoring!$A$2:$A$2920, 0) + 40 - 1), "") -> 780 | C41: =IF(40<=COUNTIF(Data_Monitoring!$A$2:$A$2920, Dashboard_Visual!$B$4), INDEX(Data_Monitoring!$J$2:$J$2920, MATCH(Dashboard_Visual!$B$4, Data_Monitoring!$A$2:$A$2920, 0) + 40 - 1), NA()) -> 97.35 | D41: =IF(40<=COUNTIF(Data_Monitoring!$A$2:$A$2920, Dashboard_Visual!$B$4), INDEX(Data_Monitoring!$K$2:$K$2920, MATCH(Dashboard_Visual!$B$4, Data_Monitoring!$A$2:$A$2920, 0) + 40 - 1), NA()) -> -3.38 | E41: =IF(40<=COUNTIF(Data_Monitoring!$A$2:$A$2920, Dashboard_Visual!$B$4), INDEX(Data_Monitoring!$H$2:$H$2920, MATCH(Dashboard_Visual!$B$4, Data_Monitoring!$A$2:$A$2920, 0) + 40 - 1), 0) -> 34.04 | F41: =IF(40<=COUNTIF(Data_Monitoring!$A$2:$A$2920, Dashboard_Visual!$B$4), INDEX(Data_Monitoring!$O$2:$O$2920, MATCH(Dashboard_Visual!$B$4, Data_Monitoring!$A$2:$A$2920, 0) + 40 - 1), 0) -> -3.35 | G41: =IF(40<=COUNTIF(Data_Monitoring!$A$2:$A$2920, Dashboard_Visual!$B$4), INDEX(Data_Monitoring!$Q$2:$Q$2920, MATCH(Dashboard_Visual!$B$4, Data_Monitoring!$A$2:$A$2920, 0) + 40 - 1), 0) -> 4.13 | H41: =IF(40<=COUNTIF(Data_Monitoring!$A$2:$A$2920, Dashboard_Visual!$B$4), INDEX(Data_Monitoring!$L$2:$L$2920, MATCH(Dashboard_Visual!$B$4, Data_Monitoring!$A$2:$A$2920, 0) + 40 - 1), "") -> Aman | I41: =IF(AND(40<=$P$2, ISNUMBER(D41), OR(H41="Warning", H41="Overgrade")), TEXT(ABS(D41)/100, "0.00%"), "") | J41: =IF(H41="Aman", C41, NA()) -> 97.35 | K41: =IF(AND(40<=$P$2, H41="Warning"), C41, NA()) -> #N/A | L41: =IF(AND(40<=$P$2, H41="Overgrade"), C41, NA()) -> #N/A | M41: =IF(40<=COUNTIF(Data_Monitoring!$A$2:$A$2920, Dashboard_Visual!$B$4), INDEX(Data_Monitoring!$S$2:$S$2920, MATCH(Dashboard_Visual!$B$4, Data_Monitoring!$A$2:$A$2920, 0) + 40 - 1), 1) -> 1
A42: =IF(41<=COUNTIF(Data_Monitoring!$A$2:$A$2920, Dashboard_Visual!$B$4), INDEX(Data_Monitoring!$B$2:$B$2920, MATCH(Dashboard_Visual!$B$4, Data_Monitoring!$A$2:$A$2920, 0) + 41 - 1), "") -> 0+800 | B42: =IF(41<=COUNTIF(Data_Monitoring!$A$2:$A$2920, Dashboard_Visual!$B$4), INDEX(Data_Monitoring!$C$2:$C$2920, MATCH(Dashboard_Visual!$B$4, Data_Monitoring!$A$2:$A$2920, 0) + 41 - 1), "") -> 800 | C42: =IF(41<=COUNTIF(Data_Monitoring!$A$2:$A$2920, Dashboard_Visual!$B$4), INDEX(Data_Monitoring!$J$2:$J$2920, MATCH(Dashboard_Visual!$B$4, Data_Monitoring!$A$2:$A$2920, 0) + 41 - 1), NA()) -> 96.48 | D42: =IF(41<=COUNTIF(Data_Monitoring!$A$2:$A$2920, Dashboard_Visual!$B$4), INDEX(Data_Monitoring!$K$2:$K$2920, MATCH(Dashboard_Visual!$B$4, Data_Monitoring!$A$2:$A$2920, 0) + 41 - 1), NA()) -> -4.37 | E42: =IF(41<=COUNTIF(Data_Monitoring!$A$2:$A$2920, Dashboard_Visual!$B$4), INDEX(Data_Monitoring!$H$2:$H$2920, MATCH(Dashboard_Visual!$B$4, Data_Monitoring!$A$2:$A$2920, 0) + 41 - 1), 0) -> 33.15 | F42: =IF(41<=COUNTIF(Data_Monitoring!$A$2:$A$2920, Dashboard_Visual!$B$4), INDEX(Data_Monitoring!$O$2:$O$2920, MATCH(Dashboard_Visual!$B$4, Data_Monitoring!$A$2:$A$2920, 0) + 41 - 1), 0) -> -1.98 | G42: =IF(41<=COUNTIF(Data_Monitoring!$A$2:$A$2920, Dashboard_Visual!$B$4), INDEX(Data_Monitoring!$Q$2:$Q$2920, MATCH(Dashboard_Visual!$B$4, Data_Monitoring!$A$2:$A$2920, 0) + 41 - 1), 0) -> 4.51 | H42: =IF(41<=COUNTIF(Data_Monitoring!$A$2:$A$2920, Dashboard_Visual!$B$4), INDEX(Data_Monitoring!$L$2:$L$2920, MATCH(Dashboard_Visual!$B$4, Data_Monitoring!$A$2:$A$2920, 0) + 41 - 1), "") -> Aman | I42: =IF(AND(41<=$P$2, ISNUMBER(D42), OR(H42="Warning", H42="Overgrade")), TEXT(ABS(D42)/100, "0.00%"), "") | J42: =IF(H42="Aman", C42, NA()) -> 96.48 | K42: =IF(AND(41<=$P$2, H42="Warning"), C42, NA()) -> #N/A | L42: =IF(AND(41<=$P$2, H42="Overgrade"), C42, NA()) -> #N/A | M42: =IF(41<=COUNTIF(Data_Monitoring!$A$2:$A$2920, Dashboard_Visual!$B$4), INDEX(Data_Monitoring!$S$2:$S$2920, MATCH(Dashboard_Visual!$B$4, Data_Monitoring!$A$2:$A$2920, 0) + 41 - 1), 1) -> 1
A43: =IF(42<=COUNTIF(Data_Monitoring!$A$2:$A$2920, Dashboard_Visual!$B$4), INDEX(Data_Monitoring!$B$2:$B$2920, MATCH(Dashboard_Visual!$B$4, Data_Monitoring!$A$2:$A$2920, 0) + 42 - 1), "") -> 0+820 | B43: =IF(42<=COUNTIF(Data_Monitoring!$A$2:$A$2920, Dashboard_Visual!$B$4), INDEX(Data_Monitoring!$C$2:$C$2920, MATCH(Dashboard_Visual!$B$4, Data_Monitoring!$A$2:$A$2920, 0) + 42 - 1), "") -> 820 | C43: =IF(42<=COUNTIF(Data_Monitoring!$A$2:$A$2920, Dashboard_Visual!$B$4), INDEX(Data_Monitoring!$J$2:$J$2920, MATCH(Dashboard_Visual!$B$4, Data_Monitoring!$A$2:$A$2920, 0) + 42 - 1), NA()) -> 95.41 | D43: =IF(42<=COUNTIF(Data_Monitoring!$A$2:$A$2920, Dashboard_Visual!$B$4), INDEX(Data_Monitoring!$K$2:$K$2920, MATCH(Dashboard_Visual!$B$4, Data_Monitoring!$A$2:$A$2920, 0) + 42 - 1), NA()) -> -5.36 | E43: =IF(42<=COUNTIF(Data_Monitoring!$A$2:$A$2920, Dashboard_Visual!$B$4), INDEX(Data_Monitoring!$H$2:$H$2920, MATCH(Dashboard_Visual!$B$4, Data_Monitoring!$A$2:$A$2920, 0) + 42 - 1), 0) -> 34.41 | F43: =IF(42<=COUNTIF(Data_Monitoring!$A$2:$A$2920, Dashboard_Visual!$B$4), INDEX(Data_Monitoring!$O$2:$O$2920, MATCH(Dashboard_Visual!$B$4, Data_Monitoring!$A$2:$A$2920, 0) + 42 - 1), 0) -> -2.94 | G43: =IF(42<=COUNTIF(Data_Monitoring!$A$2:$A$2920, Dashboard_Visual!$B$4), INDEX(Data_Monitoring!$Q$2:$Q$2920, MATCH(Dashboard_Visual!$B$4, Data_Monitoring!$A$2:$A$2920, 0) + 42 - 1), 0) -> 5.34 | H43: =IF(42<=COUNTIF(Data_Monitoring!$A$2:$A$2920, Dashboard_Visual!$B$4), INDEX(Data_Monitoring!$L$2:$L$2920, MATCH(Dashboard_Visual!$B$4, Data_Monitoring!$A$2:$A$2920, 0) + 42 - 1), "") -> Aman | I43: =IF(AND(42<=$P$2, ISNUMBER(D43), OR(H43="Warning", H43="Overgrade")), TEXT(ABS(D43)/100, "0.00%"), "") | J43: =IF(H43="Aman", C43, NA()) -> 95.41 | K43: =IF(AND(42<=$P$2, H43="Warning"), C43, NA()) -> #N/A | L43: =IF(AND(42<=$P$2, H43="Overgrade"), C43, NA()) -> #N/A | M43: =IF(42<=COUNTIF(Data_Monitoring!$A$2:$A$2920, Dashboard_Visual!$B$4), INDEX(Data_Monitoring!$S$2:$S$2920, MATCH(Dashboard_Visual!$B$4, Data_Monitoring!$A$2:$A$2920, 0) + 42 - 1), 1) -> 1
A44: =IF(43<=COUNTIF(Data_Monitoring!$A$2:$A$2920, Dashboard_Visual!$B$4), INDEX(Data_Monitoring!$B$2:$B$2920, MATCH(Dashboard_Visual!$B$4, Data_Monitoring!$A$2:$A$2920, 0) + 43 - 1), "") -> 0+840 | B44: =IF(43<=COUNTIF(Data_Monitoring!$A$2:$A$2920, Dashboard_Visual!$B$4), INDEX(Data_Monitoring!$C$2:$C$2920, MATCH(Dashboard_Visual!$B$4, Data_Monitoring!$A$2:$A$2920, 0) + 43 - 1), "") -> 840 | C44: =IF(43<=COUNTIF(Data_Monitoring!$A$2:$A$2920, Dashboard_Visual!$B$4), INDEX(Data_Monitoring!$J$2:$J$2920, MATCH(Dashboard_Visual!$B$4, Data_Monitoring!$A$2:$A$2920, 0) + 43 - 1), NA()) -> 95.49 | D44: =IF(43<=COUNTIF(Data_Monitoring!$A$2:$A$2920, Dashboard_Visual!$B$4), INDEX(Data_Monitoring!$K$2:$K$2920, MATCH(Dashboard_Visual!$B$4, Data_Monitoring!$A$2:$A$2920, 0) + 43 - 1), NA()) -> 0.43 | E44: =IF(43<=COUNTIF(Data_Monitoring!$A$2:$A$2920, Dashboard_Visual!$B$4), INDEX(Data_Monitoring!$H$2:$H$2920, MATCH(Dashboard_Visual!$B$4, Data_Monitoring!$A$2:$A$2920, 0) + 43 - 1), 0) -> 37.01 | F44: =IF(43<=COUNTIF(Data_Monitoring!$A$2:$A$2920, Dashboard_Visual!$B$4), INDEX(Data_Monitoring!$O$2:$O$2920, MATCH(Dashboard_Visual!$B$4, Data_Monitoring!$A$2:$A$2920, 0) + 43 - 1), 0) -> -1.69 | G44: =IF(43<=COUNTIF(Data_Monitoring!$A$2:$A$2920, Dashboard_Visual!$B$4), INDEX(Data_Monitoring!$Q$2:$Q$2920, MATCH(Dashboard_Visual!$B$4, Data_Monitoring!$A$2:$A$2920, 0) + 43 - 1), 0) -> 4.16 | H44: =IF(43<=COUNTIF(Data_Monitoring!$A$2:$A$2920, Dashboard_Visual!$B$4), INDEX(Data_Monitoring!$L$2:$L$2920, MATCH(Dashboard_Visual!$B$4, Data_Monitoring!$A$2:$A$2920, 0) + 43 - 1), "") -> Aman | I44: =IF(AND(43<=$P$2, ISNUMBER(D44), OR(H44="Warning", H44="Overgrade")), TEXT(ABS(D44)/100, "0.00%"), "") | J44: =IF(H44="Aman", C44, NA()) -> 95.49 | K44: =IF(AND(43<=$P$2, H44="Warning"), C44, NA()) -> #N/A | L44: =IF(AND(43<=$P$2, H44="Overgrade"), C44, NA()) -> #N/A | M44: =IF(43<=COUNTIF(Data_Monitoring!$A$2:$A$2920, Dashboard_Visual!$B$4), INDEX(Data_Monitoring!$S$2:$S$2920, MATCH(Dashboard_Visual!$B$4, Data_Monitoring!$A$2:$A$2920, 0) + 43 - 1), 1) -> 1
A45: =IF(44<=COUNTIF(Data_Monitoring!$A$2:$A$2920, Dashboard_Visual!$B$4), INDEX(Data_Monitoring!$B$2:$B$2920, MATCH(Dashboard_Visual!$B$4, Data_Monitoring!$A$2:$A$2920, 0) + 44 - 1), "") -> 0+860 | B45: =IF(44<=COUNTIF(Data_Monitoring!$A$2:$A$2920, Dashboard_Visual!$B$4), INDEX(Data_Monitoring!$C$2:$C$2920, MATCH(Dashboard_Visual!$B$4, Data_Monitoring!$A$2:$A$2920, 0) + 44 - 1), "") -> 860 | C45: =IF(44<=COUNTIF(Data_Monitoring!$A$2:$A$2920, Dashboard_Visual!$B$4), INDEX(Data_Monitoring!$J$2:$J$2920, MATCH(Dashboard_Visual!$B$4, Data_Monitoring!$A$2:$A$2920, 0) + 44 - 1), NA()) -> 93.19 | D45: =IF(44<=COUNTIF(Data_Monitoring!$A$2:$A$2920, Dashboard_Visual!$B$4), INDEX(Data_Monitoring!$K$2:$K$2920, MATCH(Dashboard_Visual!$B$4, Data_Monitoring!$A$2:$A$2920, 0) + 44 - 1), NA()) -> -11.52 | E45: =IF(44<=COUNTIF(Data_Monitoring!$A$2:$A$2920, Dashboard_Visual!$B$4), INDEX(Data_Monitoring!$H$2:$H$2920, MATCH(Dashboard_Visual!$B$4, Data_Monitoring!$A$2:$A$2920, 0) + 44 - 1), 0) -> 36 | F45: =IF(44<=COUNTIF(Data_Monitoring!$A$2:$A$2920, Dashboard_Visual!$B$4), INDEX(Data_Monitoring!$O$2:$O$2920, MATCH(Dashboard_Visual!$B$4, Data_Monitoring!$A$2:$A$2920, 0) + 44 - 1), 0) -> -4.17 | G45: =IF(44<=COUNTIF(Data_Monitoring!$A$2:$A$2920, Dashboard_Visual!$B$4), INDEX(Data_Monitoring!$Q$2:$Q$2920, MATCH(Dashboard_Visual!$B$4, Data_Monitoring!$A$2:$A$2920, 0) + 44 - 1), 0) -> 4.06 | H45: =IF(44<=COUNTIF(Data_Monitoring!$A$2:$A$2920, Dashboard_Visual!$B$4), INDEX(Data_Monitoring!$L$2:$L$2920, MATCH(Dashboard_Visual!$B$4, Data_Monitoring!$A$2:$A$2920, 0) + 44 - 1), "") -> Overgrade | I45: =IF(AND(44<=$P$2, ISNUMBER(D45), OR(H45="Warning", H45="Overgrade")), TEXT(ABS(D45)/100, "0.00%"), "") -> 012% | J45: =IF(H45="Aman", C45, NA()) -> #N/A | K45: =IF(AND(44<=$P$2, H45="Warning"), C45, NA()) -> #N/A | L45: =IF(AND(44<=$P$2, H45="Overgrade"), C45, NA()) -> 93.19 | M45: =IF(44<=COUNTIF(Data_Monitoring!$A$2:$A$2920, Dashboard_Visual!$B$4), INDEX(Data_Monitoring!$S$2:$S$2920, MATCH(Dashboard_Visual!$B$4, Data_Monitoring!$A$2:$A$2920, 0) + 44 - 1), 1) -> 1
A46: =IF(45<=COUNTIF(Data_Monitoring!$A$2:$A$2920, Dashboard_Visual!$B$4), INDEX(Data_Monitoring!$B$2:$B$2920, MATCH(Dashboard_Visual!$B$4, Data_Monitoring!$A$2:$A$2920, 0) + 45 - 1), "") -> 0+880 | B46: =IF(45<=COUNTIF(Data_Monitoring!$A$2:$A$2920, Dashboard_Visual!$B$4), INDEX(Data_Monitoring!$C$2:$C$2920, MATCH(Dashboard_Visual!$B$4, Data_Monitoring!$A$2:$A$2920, 0) + 45 - 1), "") -> 880 | C46: =IF(45<=COUNTIF(Data_Monitoring!$A$2:$A$2920, Dashboard_Visual!$B$4), INDEX(Data_Monitoring!$J$2:$J$2920, MATCH(Dashboard_Visual!$B$4, Data_Monitoring!$A$2:$A$2920, 0) + 45 - 1), NA()) -> 92.2 | D46: =IF(45<=COUNTIF(Data_Monitoring!$A$2:$A$2920, Dashboard_Visual!$B$4), INDEX(Data_Monitoring!$K$2:$K$2920, MATCH(Dashboard_Visual!$B$4, Data_Monitoring!$A$2:$A$2920, 0) + 45 - 1), NA()) -> -4.93 | E46: =IF(45<=COUNTIF(Data_Monitoring!$A$2:$A$2920, Dashboard_Visual!$B$4), INDEX(Data_Monitoring!$H$2:$H$2920, MATCH(Dashboard_Visual!$B$4, Data_Monitoring!$A$2:$A$2920, 0) + 45 - 1), 0) -> 36.8 | F46: =IF(45<=COUNTIF(Data_Monitoring!$A$2:$A$2920, Dashboard_Visual!$B$4), INDEX(Data_Monitoring!$O$2:$O$2920, MATCH(Dashboard_Visual!$B$4, Data_Monitoring!$A$2:$A$2920, 0) + 45 - 1), 0) -> -5.47 | G46: =IF(45<=COUNTIF(Data_Monitoring!$A$2:$A$2920, Dashboard_Visual!$B$4), INDEX(Data_Monitoring!$Q$2:$Q$2920, MATCH(Dashboard_Visual!$B$4, Data_Monitoring!$A$2:$A$2920, 0) + 45 - 1), 0) -> 1.77 | H46: =IF(45<=COUNTIF(Data_Monitoring!$A$2:$A$2920, Dashboard_Visual!$B$4), INDEX(Data_Monitoring!$L$2:$L$2920, MATCH(Dashboard_Visual!$B$4, Data_Monitoring!$A$2:$A$2920, 0) + 45 - 1), "") -> Aman | I46: =IF(AND(45<=$P$2, ISNUMBER(D46), OR(H46="Warning", H46="Overgrade")), TEXT(ABS(D46)/100, "0.00%"), "") | J46: =IF(H46="Aman", C46, NA()) -> 92.2 | K46: =IF(AND(45<=$P$2, H46="Warning"), C46, NA()) -> #N/A | L46: =IF(AND(45<=$P$2, H46="Overgrade"), C46, NA()) -> #N/A | M46: =IF(45<=COUNTIF(Data_Monitoring!$A$2:$A$2920, Dashboard_Visual!$B$4), INDEX(Data_Monitoring!$S$2:$S$2920, MATCH(Dashboard_Visual!$B$4, Data_Monitoring!$A$2:$A$2920, 0) + 45 - 1), 1) -> 1
A47: =IF(46<=COUNTIF(Data_Monitoring!$A$2:$A$2920, Dashboard_Visual!$B$4), INDEX(Data_Monitoring!$B$2:$B$2920, MATCH(Dashboard_Visual!$B$4, Data_Monitoring!$A$2:$A$2920, 0) + 46 - 1), "") -> 0+900 | B47: =IF(46<=COUNTIF(Data_Monitoring!$A$2:$A$2920, Dashboard_Visual!$B$4), INDEX(Data_Monitoring!$C$2:$C$2920, MATCH(Dashboard_Visual!$B$4, Data_Monitoring!$A$2:$A$2920, 0) + 46 - 1), "") -> 900 | C47: =IF(46<=COUNTIF(Data_Monitoring!$A$2:$A$2920, Dashboard_Visual!$B$4), INDEX(Data_Monitoring!$J$2:$J$2920, MATCH(Dashboard_Visual!$B$4, Data_Monitoring!$A$2:$A$2920, 0) + 46 - 1), NA()) -> 93.4 | D47: =IF(46<=COUNTIF(Data_Monitoring!$A$2:$A$2920, Dashboard_Visual!$B$4), INDEX(Data_Monitoring!$K$2:$K$2920, MATCH(Dashboard_Visual!$B$4, Data_Monitoring!$A$2:$A$2920, 0) + 46 - 1), NA()) -> 5.98 | E47: =IF(46<=COUNTIF(Data_Monitoring!$A$2:$A$2920, Dashboard_Visual!$B$4), INDEX(Data_Monitoring!$H$2:$H$2920, MATCH(Dashboard_Visual!$B$4, Data_Monitoring!$A$2:$A$2920, 0) + 46 - 1), 0) -> 37.89 | F47: =IF(46<=COUNTIF(Data_Monitoring!$A$2:$A$2920, Dashboard_Visual!$B$4), INDEX(Data_Monitoring!$O$2:$O$2920, MATCH(Dashboard_Visual!$B$4, Data_Monitoring!$A$2:$A$2920, 0) + 46 - 1), 0) -> -2.95 | G47: =IF(46<=COUNTIF(Data_Monitoring!$A$2:$A$2920, Dashboard_Visual!$B$4), INDEX(Data_Monitoring!$Q$2:$Q$2920, MATCH(Dashboard_Visual!$B$4, Data_Monitoring!$A$2:$A$2920, 0) + 46 - 1), 0) -> 0.54 | H47: =IF(46<=COUNTIF(Data_Monitoring!$A$2:$A$2920, Dashboard_Visual!$B$4), INDEX(Data_Monitoring!$L$2:$L$2920, MATCH(Dashboard_Visual!$B$4, Data_Monitoring!$A$2:$A$2920, 0) + 46 - 1), "") -> Aman | I47: =IF(AND(46<=$P$2, ISNUMBER(D47), OR(H47="Warning", H47="Overgrade")), TEXT(ABS(D47)/100, "0.00%"), "") | J47: =IF(H47="Aman", C47, NA()) -> 93.4 | K47: =IF(AND(46<=$P$2, H47="Warning"), C47, NA()) -> #N/A | L47: =IF(AND(46<=$P$2, H47="Overgrade"), C47, NA()) -> #N/A | M47: =IF(46<=COUNTIF(Data_Monitoring!$A$2:$A$2920, Dashboard_Visual!$B$4), INDEX(Data_Monitoring!$S$2:$S$2920, MATCH(Dashboard_Visual!$B$4, Data_Monitoring!$A$2:$A$2920, 0) + 46 - 1), 1) -> 1
A48: =IF(47<=COUNTIF(Data_Monitoring!$A$2:$A$2920, Dashboard_Visual!$B$4), INDEX(Data_Monitoring!$B$2:$B$2920, MATCH(Dashboard_Visual!$B$4, Data_Monitoring!$A$2:$A$2920, 0) + 47 - 1), "") -> 0+920 | B48: =IF(47<=COUNTIF(Data_Monitoring!$A$2:$A$2920, Dashboard_Visual!$B$4), INDEX(Data_Monitoring!$C$2:$C$2920, MATCH(Dashboard_Visual!$B$4, Data_Monitoring!$A$2:$A$2920, 0) + 47 - 1), "") -> 920 | C48: =IF(47<=COUNTIF(Data_Monitoring!$A$2:$A$2920, Dashboard_Visual!$B$4), INDEX(Data_Monitoring!$J$2:$J$2920, MATCH(Dashboard_Visual!$B$4, Data_Monitoring!$A$2:$A$2920, 0) + 47 - 1), NA()) -> 92.64 | D48: =IF(47<=COUNTIF(Data_Monitoring!$A$2:$A$2920, Dashboard_Visual!$B$4), INDEX(Data_Monitoring!$K$2:$K$2920, MATCH(Dashboard_Visual!$B$4, Data_Monitoring!$A$2:$A$2920, 0) + 47 - 1), NA()) -> -3.8 | E48: =IF(47<=COUNTIF(Data_Monitoring!$A$2:$A$2920, Dashboard_Visual!$B$4), INDEX(Data_Monitoring!$H$2:$H$2920, MATCH(Dashboard_Visual!$B$4, Data_Monitoring!$A$2:$A$2920, 0) + 47 - 1), 0) -> 37.74 | F48: =IF(47<=COUNTIF(Data_Monitoring!$A$2:$A$2920, Dashboard_Visual!$B$4), INDEX(Data_Monitoring!$O$2:$O$2920, MATCH(Dashboard_Visual!$B$4, Data_Monitoring!$A$2:$A$2920, 0) + 47 - 1), 0) -> -6.68 | G48: =IF(47<=COUNTIF(Data_Monitoring!$A$2:$A$2920, Dashboard_Visual!$B$4), INDEX(Data_Monitoring!$Q$2:$Q$2920, MATCH(Dashboard_Visual!$B$4, Data_Monitoring!$A$2:$A$2920, 0) + 47 - 1), 0) -> 1.63 | H48: =IF(47<=COUNTIF(Data_Monitoring!$A$2:$A$2920, Dashboard_Visual!$B$4), INDEX(Data_Monitoring!$L$2:$L$2920, MATCH(Dashboard_Visual!$B$4, Data_Monitoring!$A$2:$A$2920, 0) + 47 - 1), "") -> Aman | I48: =IF(AND(47<=$P$2, ISNUMBER(D48), OR(H48="Warning", H48="Overgrade")), TEXT(ABS(D48)/100, "0.00%"), "") | J48: =IF(H48="Aman", C48, NA()) -> 92.64 | K48: =IF(AND(47<=$P$2, H48="Warning"), C48, NA()) -> #N/A | L48: =IF(AND(47<=$P$2, H48="Overgrade"), C48, NA()) -> #N/A | M48: =IF(47<=COUNTIF(Data_Monitoring!$A$2:$A$2920, Dashboard_Visual!$B$4), INDEX(Data_Monitoring!$S$2:$S$2920, MATCH(Dashboard_Visual!$B$4, Data_Monitoring!$A$2:$A$2920, 0) + 47 - 1), 1) -> 1
A49: =IF(48<=COUNTIF(Data_Monitoring!$A$2:$A$2920, Dashboard_Visual!$B$4), INDEX(Data_Monitoring!$B$2:$B$2920, MATCH(Dashboard_Visual!$B$4, Data_Monitoring!$A$2:$A$2920, 0) + 48 - 1), "") -> 0+940 | B49: =IF(48<=COUNTIF(Data_Monitoring!$A$2:$A$2920, Dashboard_Visual!$B$4), INDEX(Data_Monitoring!$C$2:$C$2920, MATCH(Dashboard_Visual!$B$4, Data_Monitoring!$A$2:$A$2920, 0) + 48 - 1), "") -> 940 | C49: =IF(48<=COUNTIF(Data_Monitoring!$A$2:$A$2920, Dashboard_Visual!$B$4), INDEX(Data_Monitoring!$J$2:$J$2920, MATCH(Dashboard_Visual!$B$4, Data_Monitoring!$A$2:$A$2920, 0) + 48 - 1), NA()) -> 90.24 | D49: =IF(48<=COUNTIF(Data_Monitoring!$A$2:$A$2920, Dashboard_Visual!$B$4), INDEX(Data_Monitoring!$K$2:$K$2920, MATCH(Dashboard_Visual!$B$4, Data_Monitoring!$A$2:$A$2920, 0) + 48 - 1), NA()) -> -12.03 | E49: =IF(48<=COUNTIF(Data_Monitoring!$A$2:$A$2920, Dashboard_Visual!$B$4), INDEX(Data_Monitoring!$H$2:$H$2920, MATCH(Dashboard_Visual!$B$4, Data_Monitoring!$A$2:$A$2920, 0) + 48 - 1), 0) -> 31.94 | F49: =IF(48<=COUNTIF(Data_Monitoring!$A$2:$A$2920, Dashboard_Visual!$B$4), INDEX(Data_Monitoring!$O$2:$O$2920, MATCH(Dashboard_Visual!$B$4, Data_Monitoring!$A$2:$A$2920, 0) + 48 - 1), 0) -> -1.28 | G49: =IF(48<=COUNTIF(Data_Monitoring!$A$2:$A$2920, Dashboard_Visual!$B$4), INDEX(Data_Monitoring!$Q$2:$Q$2920, MATCH(Dashboard_Visual!$B$4, Data_Monitoring!$A$2:$A$2920, 0) + 48 - 1), 0) -> 2.14 | H49: =IF(48<=COUNTIF(Data_Monitoring!$A$2:$A$2920, Dashboard_Visual!$B$4), INDEX(Data_Monitoring!$L$2:$L$2920, MATCH(Dashboard_Visual!$B$4, Data_Monitoring!$A$2:$A$2920, 0) + 48 - 1), "") -> Overgrade | I49: =IF(AND(48<=$P$2, ISNUMBER(D49), OR(H49="Warning", H49="Overgrade")), TEXT(ABS(D49)/100, "0.00%"), "") -> 012% | J49: =IF(H49="Aman", C49, NA()) -> #N/A | K49: =IF(AND(48<=$P$2, H49="Warning"), C49, NA()) -> #N/A | L49: =IF(AND(48<=$P$2, H49="Overgrade"), C49, NA()) -> 90.24 | M49: =IF(48<=COUNTIF(Data_Monitoring!$A$2:$A$2920, Dashboard_Visual!$B$4), INDEX(Data_Monitoring!$S$2:$S$2920, MATCH(Dashboard_Visual!$B$4, Data_Monitoring!$A$2:$A$2920, 0) + 48 - 1), 1) -> 1
A50: =IF(49<=COUNTIF(Data_Monitoring!$A$2:$A$2920, Dashboard_Visual!$B$4), INDEX(Data_Monitoring!$B$2:$B$2920, MATCH(Dashboard_Visual!$B$4, Data_Monitoring!$A$2:$A$2920, 0) + 49 - 1), "") -> 0+960 | B50: =IF(49<=COUNTIF(Data_Monitoring!$A$2:$A$2920, Dashboard_Visual!$B$4), INDEX(Data_Monitoring!$C$2:$C$2920, MATCH(Dashboard_Visual!$B$4, Data_Monitoring!$A$2:$A$2920, 0) + 49 - 1), "") -> 960 | C50: =IF(49<=COUNTIF(Data_Monitoring!$A$2:$A$2920, Dashboard_Visual!$B$4), INDEX(Data_Monitoring!$J$2:$J$2920, MATCH(Dashboard_Visual!$B$4, Data_Monitoring!$A$2:$A$2920, 0) + 49 - 1), NA()) -> 89.25 | D50: =IF(49<=COUNTIF(Data_Monitoring!$A$2:$A$2920, Dashboard_Visual!$B$4), INDEX(Data_Monitoring!$K$2:$K$2920, MATCH(Dashboard_Visual!$B$4, Data_Monitoring!$A$2:$A$2920, 0) + 49 - 1), NA()) -> -4.94 | E50: =IF(49<=COUNTIF(Data_Monitoring!$A$2:$A$2920, Dashboard_Visual!$B$4), INDEX(Data_Monitoring!$H$2:$H$2920, MATCH(Dashboard_Visual!$B$4, Data_Monitoring!$A$2:$A$2920, 0) + 49 - 1), 0) -> 32.04 | F50: =IF(49<=COUNTIF(Data_Monitoring!$A$2:$A$2920, Dashboard_Visual!$B$4), INDEX(Data_Monitoring!$O$2:$O$2920, MATCH(Dashboard_Visual!$B$4, Data_Monitoring!$A$2:$A$2920, 0) + 49 - 1), 0) -> -0.01 | G50: =IF(49<=COUNTIF(Data_Monitoring!$A$2:$A$2920, Dashboard_Visual!$B$4), INDEX(Data_Monitoring!$Q$2:$Q$2920, MATCH(Dashboard_Visual!$B$4, Data_Monitoring!$A$2:$A$2920, 0) + 49 - 1), 0) -> 0.97 | H50: =IF(49<=COUNTIF(Data_Monitoring!$A$2:$A$2920, Dashboard_Visual!$B$4), INDEX(Data_Monitoring!$L$2:$L$2920, MATCH(Dashboard_Visual!$B$4, Data_Monitoring!$A$2:$A$2920, 0) + 49 - 1), "") -> Aman | I50: =IF(AND(49<=$P$2, ISNUMBER(D50), OR(H50="Warning", H50="Overgrade")), TEXT(ABS(D50)/100, "0.00%"), "") | J50: =IF(H50="Aman", C50, NA()) -> 89.25 | K50: =IF(AND(49<=$P$2, H50="Warning"), C50, NA()) -> #N/A | L50: =IF(AND(49<=$P$2, H50="Overgrade"), C50, NA()) -> #N/A | M50: =IF(49<=COUNTIF(Data_Monitoring!$A$2:$A$2920, Dashboard_Visual!$B$4), INDEX(Data_Monitoring!$S$2:$S$2920, MATCH(Dashboard_Visual!$B$4, Data_Monitoring!$A$2:$A$2920, 0) + 49 - 1), 1) -> 1
A51: =IF(50<=COUNTIF(Data_Monitoring!$A$2:$A$2920, Dashboard_Visual!$B$4), INDEX(Data_Monitoring!$B$2:$B$2920, MATCH(Dashboard_Visual!$B$4, Data_Monitoring!$A$2:$A$2920, 0) + 50 - 1), "") -> 0+980 | B51: =IF(50<=COUNTIF(Data_Monitoring!$A$2:$A$2920, Dashboard_Visual!$B$4), INDEX(Data_Monitoring!$C$2:$C$2920, MATCH(Dashboard_Visual!$B$4, Data_Monitoring!$A$2:$A$2920, 0) + 50 - 1), "") -> 980 | C51: =IF(50<=COUNTIF(Data_Monitoring!$A$2:$A$2920, Dashboard_Visual!$B$4), INDEX(Data_Monitoring!$J$2:$J$2920, MATCH(Dashboard_Visual!$B$4, Data_Monitoring!$A$2:$A$2920, 0) + 50 - 1), NA()) -> 88.49 | D51: =IF(50<=COUNTIF(Data_Monitoring!$A$2:$A$2920, Dashboard_Visual!$B$4), INDEX(Data_Monitoring!$K$2:$K$2920, MATCH(Dashboard_Visual!$B$4, Data_Monitoring!$A$2:$A$2920, 0) + 50 - 1), NA()) -> -3.81 | E51: =IF(50<=COUNTIF(Data_Monitoring!$A$2:$A$2920, Dashboard_Visual!$B$4), INDEX(Data_Monitoring!$H$2:$H$2920, MATCH(Dashboard_Visual!$B$4, Data_Monitoring!$A$2:$A$2920, 0) + 50 - 1), 0) -> 32.2 | F51: =IF(50<=COUNTIF(Data_Monitoring!$A$2:$A$2920, Dashboard_Visual!$B$4), INDEX(Data_Monitoring!$O$2:$O$2920, MATCH(Dashboard_Visual!$B$4, Data_Monitoring!$A$2:$A$2920, 0) + 50 - 1), 0) -> 1.98 | G51: =IF(50<=COUNTIF(Data_Monitoring!$A$2:$A$2920, Dashboard_Visual!$B$4), INDEX(Data_Monitoring!$Q$2:$Q$2920, MATCH(Dashboard_Visual!$B$4, Data_Monitoring!$A$2:$A$2920, 0) + 50 - 1), 0) -> 1.99 | H51: =IF(50<=COUNTIF(Data_Monitoring!$A$2:$A$2920, Dashboard_Visual!$B$4), INDEX(Data_Monitoring!$L$2:$L$2920, MATCH(Dashboard_Visual!$B$4, Data_Monitoring!$A$2:$A$2920, 0) + 50 - 1), "") -> Aman | I51: =IF(AND(50<=$P$2, ISNUMBER(D51), OR(H51="Warning", H51="Overgrade")), TEXT(ABS(D51)/100, "0.00%"), "") | J51: =IF(H51="Aman", C51, NA()) -> 88.49 | K51: =IF(AND(50<=$P$2, H51="Warning"), C51, NA()) -> #N/A | L51: =IF(AND(50<=$P$2, H51="Overgrade"), C51, NA()) -> #N/A | M51: =IF(50<=COUNTIF(Data_Monitoring!$A$2:$A$2920, Dashboard_Visual!$B$4), INDEX(Data_Monitoring!$S$2:$S$2920, MATCH(Dashboard_Visual!$B$4, Data_Monitoring!$A$2:$A$2920, 0) + 50 - 1), 1) -> 1
A52: =IF(51<=COUNTIF(Data_Monitoring!$A$2:$A$2920, Dashboard_Visual!$B$4), INDEX(Data_Monitoring!$B$2:$B$2920, MATCH(Dashboard_Visual!$B$4, Data_Monitoring!$A$2:$A$2920, 0) + 51 - 1), "") -> 1+000 | B52: =IF(51<=COUNTIF(Data_Monitoring!$A$2:$A$2920, Dashboard_Visual!$B$4), INDEX(Data_Monitoring!$C$2:$C$2920, MATCH(Dashboard_Visual!$B$4, Data_Monitoring!$A$2:$A$2920, 0) + 51 - 1), "") -> 1000 | C52: =IF(51<=COUNTIF(Data_Monitoring!$A$2:$A$2920, Dashboard_Visual!$B$4), INDEX(Data_Monitoring!$J$2:$J$2920, MATCH(Dashboard_Visual!$B$4, Data_Monitoring!$A$2:$A$2920, 0) + 51 - 1), NA()) -> 88.71 | D52: =IF(51<=COUNTIF(Data_Monitoring!$A$2:$A$2920, Dashboard_Visual!$B$4), INDEX(Data_Monitoring!$K$2:$K$2920, MATCH(Dashboard_Visual!$B$4, Data_Monitoring!$A$2:$A$2920, 0) + 51 - 1), NA()) -> 1.14 | E52: =IF(51<=COUNTIF(Data_Monitoring!$A$2:$A$2920, Dashboard_Visual!$B$4), INDEX(Data_Monitoring!$H$2:$H$2920, MATCH(Dashboard_Visual!$B$4, Data_Monitoring!$A$2:$A$2920, 0) + 51 - 1), 0) -> 36.54 | F52: =IF(51<=COUNTIF(Data_Monitoring!$A$2:$A$2920, Dashboard_Visual!$B$4), INDEX(Data_Monitoring!$O$2:$O$2920, MATCH(Dashboard_Visual!$B$4, Data_Monitoring!$A$2:$A$2920, 0) + 51 - 1), 0) -> 2.75 | G52: =IF(51<=COUNTIF(Data_Monitoring!$A$2:$A$2920, Dashboard_Visual!$B$4), INDEX(Data_Monitoring!$Q$2:$Q$2920, MATCH(Dashboard_Visual!$B$4, Data_Monitoring!$A$2:$A$2920, 0) + 51 - 1), 0) -> 0.79 | H52: =IF(51<=COUNTIF(Data_Monitoring!$A$2:$A$2920, Dashboard_Visual!$B$4), INDEX(Data_Monitoring!$L$2:$L$2920, MATCH(Dashboard_Visual!$B$4, Data_Monitoring!$A$2:$A$2920, 0) + 51 - 1), "") -> Aman | I52: =IF(AND(51<=$P$2, ISNUMBER(D52), OR(H52="Warning", H52="Overgrade")), TEXT(ABS(D52)/100, "0.00%"), "") | J52: =IF(H52="Aman", C52, NA()) -> 88.71 | K52: =IF(AND(51<=$P$2, H52="Warning"), C52, NA()) -> #N/A | L52: =IF(AND(51<=$P$2, H52="Overgrade"), C52, NA()) -> #N/A | M52: =IF(51<=COUNTIF(Data_Monitoring!$A$2:$A$2920, Dashboard_Visual!$B$4), INDEX(Data_Monitoring!$S$2:$S$2920, MATCH(Dashboard_Visual!$B$4, Data_Monitoring!$A$2:$A$2920, 0) + 51 - 1), 1) -> 1
A53: =IF(52<=COUNTIF(Data_Monitoring!$A$2:$A$2920, Dashboard_Visual!$B$4), INDEX(Data_Monitoring!$B$2:$B$2920, MATCH(Dashboard_Visual!$B$4, Data_Monitoring!$A$2:$A$2920, 0) + 52 - 1), "") -> 1+006.9 | B53: =IF(52<=COUNTIF(Data_Monitoring!$A$2:$A$2920, Dashboard_Visual!$B$4), INDEX(Data_Monitoring!$C$2:$C$2920, MATCH(Dashboard_Visual!$B$4, Data_Monitoring!$A$2:$A$2920, 0) + 52 - 1), "") -> 1006.857 | C53: =IF(52<=COUNTIF(Data_Monitoring!$A$2:$A$2920, Dashboard_Visual!$B$4), INDEX(Data_Monitoring!$J$2:$J$2920, MATCH(Dashboard_Visual!$B$4, Data_Monitoring!$A$2:$A$2920, 0) + 52 - 1), NA()) -> 87.2 | D53: =IF(52<=COUNTIF(Data_Monitoring!$A$2:$A$2920, Dashboard_Visual!$B$4), INDEX(Data_Monitoring!$K$2:$K$2920, MATCH(Dashboard_Visual!$B$4, Data_Monitoring!$A$2:$A$2920, 0) + 52 - 1), NA()) -> -22.12 | E53: =IF(52<=COUNTIF(Data_Monitoring!$A$2:$A$2920, Dashboard_Visual!$B$4), INDEX(Data_Monitoring!$H$2:$H$2920, MATCH(Dashboard_Visual!$B$4, Data_Monitoring!$A$2:$A$2920, 0) + 52 - 1), 0) -> 37.06 | F53: =IF(52<=COUNTIF(Data_Monitoring!$A$2:$A$2920, Dashboard_Visual!$B$4), INDEX(Data_Monitoring!$O$2:$O$2920, MATCH(Dashboard_Visual!$B$4, Data_Monitoring!$A$2:$A$2920, 0) + 52 - 1), 0) -> 3.11 | G53: =IF(52<=COUNTIF(Data_Monitoring!$A$2:$A$2920, Dashboard_Visual!$B$4), INDEX(Data_Monitoring!$Q$2:$Q$2920, MATCH(Dashboard_Visual!$B$4, Data_Monitoring!$A$2:$A$2920, 0) + 52 - 1), 0) -> 0.53 | H53: =IF(52<=COUNTIF(Data_Monitoring!$A$2:$A$2920, Dashboard_Visual!$B$4), INDEX(Data_Monitoring!$L$2:$L$2920, MATCH(Dashboard_Visual!$B$4, Data_Monitoring!$A$2:$A$2920, 0) + 52 - 1), "") -> Overgrade | I53: =IF(AND(52<=$P$2, ISNUMBER(D53), OR(H53="Warning", H53="Overgrade")), TEXT(ABS(D53)/100, "0.00%"), "") | J53: =IF(H53="Aman", C53, NA()) -> #N/A | K53: =IF(AND(52<=$P$2, H53="Warning"), C53, NA()) -> #N/A | L53: =IF(AND(52<=$P$2, H53="Overgrade"), C53, NA()) -> #N/A | M53: =IF(52<=COUNTIF(Data_Monitoring!$A$2:$A$2920, Dashboard_Visual!$B$4), INDEX(Data_Monitoring!$S$2:$S$2920, MATCH(Dashboard_Visual!$B$4, Data_Monitoring!$A$2:$A$2920, 0) + 52 - 1), 1) -> 0
A54: =IF(53<=COUNTIF(Data_Monitoring!$A$2:$A$2920, Dashboard_Visual!$B$4), INDEX(Data_Monitoring!$B$2:$B$2920, MATCH(Dashboard_Visual!$B$4, Data_Monitoring!$A$2:$A$2920, 0) + 53 - 1), "") | B54: =IF(53<=COUNTIF(Data_Monitoring!$A$2:$A$2920, Dashboard_Visual!$B$4), INDEX(Data_Monitoring!$C$2:$C$2920, MATCH(Dashboard_Visual!$B$4, Data_Monitoring!$A$2:$A$2920, 0) + 53 - 1), "") | C54: =IF(53<=COUNTIF(Data_Monitoring!$A$2:$A$2920, Dashboard_Visual!$B$4), INDEX(Data_Monitoring!$J$2:$J$2920, MATCH(Dashboard_Visual!$B$4, Data_Monitoring!$A$2:$A$2920, 0) + 53 - 1), NA()) -> #N/A | D54: =IF(53<=COUNTIF(Data_Monitoring!$A$2:$A$2920, Dashboard_Visual!$B$4), INDEX(Data_Monitoring!$K$2:$K$2920, MATCH(Dashboard_Visual!$B$4, Data_Monitoring!$A$2:$A$2920, 0) + 53 - 1), NA()) -> #N/A | E54: =IF(53<=COUNTIF(Data_Monitoring!$A$2:$A$2920, Dashboard_Visual!$B$4), INDEX(Data_Monitoring!$H$2:$H$2920, MATCH(Dashboard_Visual!$B$4, Data_Monitoring!$A$2:$A$2920, 0) + 53 - 1), 0) -> 0 | F54: =IF(53<=COUNTIF(Data_Monitoring!$A$2:$A$2920, Dashboard_Visual!$B$4), INDEX(Data_Monitoring!$O$2:$O$2920, MATCH(Dashboard_Visual!$B$4, Data_Monitoring!$A$2:$A$2920, 0) + 53 - 1), 0) -> 0 | G54: =IF(53<=COUNTIF(Data_Monitoring!$A$2:$A$2920, Dashboard_Visual!$B$4), INDEX(Data_Monitoring!$Q$2:$Q$2920, MATCH(Dashboard_Visual!$B$4, Data_Monitoring!$A$2:$A$2920, 0) + 53 - 1), 0) -> 0 | H54: =IF(53<=COUNTIF(Data_Monitoring!$A$2:$A$2920, Dashboard_Visual!$B$4), INDEX(Data_Monitoring!$L$2:$L$2920, MATCH(Dashboard_Visual!$B$4, Data_Monitoring!$A$2:$A$2920, 0) + 53 - 1), "") | I54: =IF(AND(53<=$P$2, ISNUMBER(D54), OR(H54="Warning", H54="Overgrade")), TEXT(ABS(D54)/100, "0.00%"), "") | J54: =IF(H54="Aman", C54, NA()) -> #N/A | K54: =IF(AND(53<=$P$2, H54="Warning"), C54, NA()) -> #N/A | L54: =IF(AND(53<=$P$2, H54="Overgrade"), C54, NA()) -> #N/A | M54: =IF(53<=COUNTIF(Data_Monitoring!$A$2:$A$2920, Dashboard_Visual!$B$4), INDEX(Data_Monitoring!$S$2:$S$2920, MATCH(Dashboard_Visual!$B$4, Data_Monitoring!$A$2:$A$2920, 0) + 53 - 1), 1) -> 1
A55: =IF(54<=COUNTIF(Data_Monitoring!$A$2:$A$2920, Dashboard_Visual!$B$4), INDEX(Data_Monitoring!$B$2:$B$2920, MATCH(Dashboard_Visual!$B$4, Data_Monitoring!$A$2:$A$2920, 0) + 54 - 1), "") | B55: =IF(54<=COUNTIF(Data_Monitoring!$A$2:$A$2920, Dashboard_Visual!$B$4), INDEX(Data_Monitoring!$C$2:$C$2920, MATCH(Dashboard_Visual!$B$4, Data_Monitoring!$A$2:$A$2920, 0) + 54 - 1), "") | C55: =IF(54<=COUNTIF(Data_Monitoring!$A$2:$A$2920, Dashboard_Visual!$B$4), INDEX(Data_Monitoring!$J$2:$J$2920, MATCH(Dashboard_Visual!$B$4, Data_Monitoring!$A$2:$A$2920, 0) + 54 - 1), NA()) -> #N/A | D55: =IF(54<=COUNTIF(Data_Monitoring!$A$2:$A$2920, Dashboard_Visual!$B$4), INDEX(Data_Monitoring!$K$2:$K$2920, MATCH(Dashboard_Visual!$B$4, Data_Monitoring!$A$2:$A$2920, 0) + 54 - 1), NA()) -> #N/A | E55: =IF(54<=COUNTIF(Data_Monitoring!$A$2:$A$2920, Dashboard_Visual!$B$4), INDEX(Data_Monitoring!$H$2:$H$2920, MATCH(Dashboard_Visual!$B$4, Data_Monitoring!$A$2:$A$2920, 0) + 54 - 1), 0) -> 0 | F55: =IF(54<=COUNTIF(Data_Monitoring!$A$2:$A$2920, Dashboard_Visual!$B$4), INDEX(Data_Monitoring!$O$2:$O$2920, MATCH(Dashboard_Visual!$B$4, Data_Monitoring!$A$2:$A$2920, 0) + 54 - 1), 0) -> 0 | G55: =IF(54<=COUNTIF(Data_Monitoring!$A$2:$A$2920, Dashboard_Visual!$B$4), INDEX(Data_Monitoring!$Q$2:$Q$2920, MATCH(Dashboard_Visual!$B$4, Data_Monitoring!$A$2:$A$2920, 0) + 54 - 1), 0) -> 0 | H55: =IF(54<=COUNTIF(Data_Monitoring!$A$2:$A$2920, Dashboard_Visual!$B$4), INDEX(Data_Monitoring!$L$2:$L$2920, MATCH(Dashboard_Visual!$B$4, Data_Monitoring!$A$2:$A$2920, 0) + 54 - 1), "") | I55: =IF(AND(54<=$P$2, ISNUMBER(D55), OR(H55="Warning", H55="Overgrade")), TEXT(ABS(D55)/100, "0.00%"), "") | J55: =IF(H55="Aman", C55, NA()) -> #N/A | K55: =IF(AND(54<=$P$2, H55="Warning"), C55, NA()) -> #N/A | L55: =IF(AND(54<=$P$2, H55="Overgrade"), C55, NA()) -> #N/A | M55: =IF(54<=COUNTIF(Data_Monitoring!$A$2:$A$2920, Dashboard_Visual!$B$4), INDEX(Data_Monitoring!$S$2:$S$2920, MATCH(Dashboard_Visual!$B$4, Data_Monitoring!$A$2:$A$2920, 0) + 54 - 1), 1) -> 1
A56: =IF(55<=COUNTIF(Data_Monitoring!$A$2:$A$2920, Dashboard_Visual!$B$4), INDEX(Data_Monitoring!$B$2:$B$2920, MATCH(Dashboard_Visual!$B$4, Data_Monitoring!$A$2:$A$2920, 0) + 55 - 1), "") | B56: =IF(55<=COUNTIF(Data_Monitoring!$A$2:$A$2920, Dashboard_Visual!$B$4), INDEX(Data_Monitoring!$C$2:$C$2920, MATCH(Dashboard_Visual!$B$4, Data_Monitoring!$A$2:$A$2920, 0) + 55 - 1), "") | C56: =IF(55<=COUNTIF(Data_Monitoring!$A$2:$A$2920, Dashboard_Visual!$B$4), INDEX(Data_Monitoring!$J$2:$J$2920, MATCH(Dashboard_Visual!$B$4, Data_Monitoring!$A$2:$A$2920, 0) + 55 - 1), NA()) -> #N/A | D56: =IF(55<=COUNTIF(Data_Monitoring!$A$2:$A$2920, Dashboard_Visual!$B$4), INDEX(Data_Monitoring!$K$2:$K$2920, MATCH(Dashboard_Visual!$B$4, Data_Monitoring!$A$2:$A$2920, 0) + 55 - 1), NA()) -> #N/A | E56: =IF(55<=COUNTIF(Data_Monitoring!$A$2:$A$2920, Dashboard_Visual!$B$4), INDEX(Data_Monitoring!$H$2:$H$2920, MATCH(Dashboard_Visual!$B$4, Data_Monitoring!$A$2:$A$2920, 0) + 55 - 1), 0) -> 0 | F56: =IF(55<=COUNTIF(Data_Monitoring!$A$2:$A$2920, Dashboard_Visual!$B$4), INDEX(Data_Monitoring!$O$2:$O$2920, MATCH(Dashboard_Visual!$B$4, Data_Monitoring!$A$2:$A$2920, 0) + 55 - 1), 0) -> 0 | G56: =IF(55<=COUNTIF(Data_Monitoring!$A$2:$A$2920, Dashboard_Visual!$B$4), INDEX(Data_Monitoring!$Q$2:$Q$2920, MATCH(Dashboard_Visual!$B$4, Data_Monitoring!$A$2:$A$2920, 0) + 55 - 1), 0) -> 0 | H56: =IF(55<=COUNTIF(Data_Monitoring!$A$2:$A$2920, Dashboard_Visual!$B$4), INDEX(Data_Monitoring!$L$2:$L$2920, MATCH(Dashboard_Visual!$B$4, Data_Monitoring!$A$2:$A$2920, 0) + 55 - 1), "") | I56: =IF(AND(55<=$P$2, ISNUMBER(D56), OR(H56="Warning", H56="Overgrade")), TEXT(ABS(D56)/100, "0.00%"), "") | J56: =IF(H56="Aman", C56, NA()) -> #N/A | K56: =IF(AND(55<=$P$2, H56="Warning"), C56, NA()) -> #N/A | L56: =IF(AND(55<=$P$2, H56="Overgrade"), C56, NA()) -> #N/A | M56: =IF(55<=COUNTIF(Data_Monitoring!$A$2:$A$2920, Dashboard_Visual!$B$4), INDEX(Data_Monitoring!$S$2:$S$2920, MATCH(Dashboard_Visual!$B$4, Data_Monitoring!$A$2:$A$2920, 0) + 55 - 1), 1) -> 1
A57: =IF(56<=COUNTIF(Data_Monitoring!$A$2:$A$2920, Dashboard_Visual!$B$4), INDEX(Data_Monitoring!$B$2:$B$2920, MATCH(Dashboard_Visual!$B$4, Data_Monitoring!$A$2:$A$2920, 0) + 56 - 1), "") | B57: =IF(56<=COUNTIF(Data_Monitoring!$A$2:$A$2920, Dashboard_Visual!$B$4), INDEX(Data_Monitoring!$C$2:$C$2920, MATCH(Dashboard_Visual!$B$4, Data_Monitoring!$A$2:$A$2920, 0) + 56 - 1), "") | C57: =IF(56<=COUNTIF(Data_Monitoring!$A$2:$A$2920, Dashboard_Visual!$B$4), INDEX(Data_Monitoring!$J$2:$J$2920, MATCH(Dashboard_Visual!$B$4, Data_Monitoring!$A$2:$A$2920, 0) + 56 - 1), NA()) -> #N/A | D57: =IF(56<=COUNTIF(Data_Monitoring!$A$2:$A$2920, Dashboard_Visual!$B$4), INDEX(Data_Monitoring!$K$2:$K$2920, MATCH(Dashboard_Visual!$B$4, Data_Monitoring!$A$2:$A$2920, 0) + 56 - 1), NA()) -> #N/A | E57: =IF(56<=COUNTIF(Data_Monitoring!$A$2:$A$2920, Dashboard_Visual!$B$4), INDEX(Data_Monitoring!$H$2:$H$2920, MATCH(Dashboard_Visual!$B$4, Data_Monitoring!$A$2:$A$2920, 0) + 56 - 1), 0) -> 0 | F57: =IF(56<=COUNTIF(Data_Monitoring!$A$2:$A$2920, Dashboard_Visual!$B$4), INDEX(Data_Monitoring!$O$2:$O$2920, MATCH(Dashboard_Visual!$B$4, Data_Monitoring!$A$2:$A$2920, 0) + 56 - 1), 0) -> 0 | G57: =IF(56<=COUNTIF(Data_Monitoring!$A$2:$A$2920, Dashboard_Visual!$B$4), INDEX(Data_Monitoring!$Q$2:$Q$2920, MATCH(Dashboard_Visual!$B$4, Data_Monitoring!$A$2:$A$2920, 0) + 56 - 1), 0) -> 0 | H57: =IF(56<=COUNTIF(Data_Monitoring!$A$2:$A$2920, Dashboard_Visual!$B$4), INDEX(Data_Monitoring!$L$2:$L$2920, MATCH(Dashboard_Visual!$B$4, Data_Monitoring!$A$2:$A$2920, 0) + 56 - 1), "") | I57: =IF(AND(56<=$P$2, ISNUMBER(D57), OR(H57="Warning", H57="Overgrade")), TEXT(ABS(D57)/100, "0.00%"), "") | J57: =IF(H57="Aman", C57, NA()) -> #N/A | K57: =IF(AND(56<=$P$2, H57="Warning"), C57, NA()) -> #N/A | L57: =IF(AND(56<=$P$2, H57="Overgrade"), C57, NA()) -> #N/A | M57: =IF(56<=COUNTIF(Data_Monitoring!$A$2:$A$2920, Dashboard_Visual!$B$4), INDEX(Data_Monitoring!$S$2:$S$2920, MATCH(Dashboard_Visual!$B$4, Data_Monitoring!$A$2:$A$2920, 0) + 56 - 1), 1) -> 1
A58: =IF(57<=COUNTIF(Data_Monitoring!$A$2:$A$2920, Dashboard_Visual!$B$4), INDEX(Data_Monitoring!$B$2:$B$2920, MATCH(Dashboard_Visual!$B$4, Data_Monitoring!$A$2:$A$2920, 0) + 57 - 1), "") | B58: =IF(57<=COUNTIF(Data_Monitoring!$A$2:$A$2920, Dashboard_Visual!$B$4), INDEX(Data_Monitoring!$C$2:$C$2920, MATCH(Dashboard_Visual!$B$4, Data_Monitoring!$A$2:$A$2920, 0) + 57 - 1), "") | C58: =IF(57<=COUNTIF(Data_Monitoring!$A$2:$A$2920, Dashboard_Visual!$B$4), INDEX(Data_Monitoring!$J$2:$J$2920, MATCH(Dashboard_Visual!$B$4, Data_Monitoring!$A$2:$A$2920, 0) + 57 - 1), NA()) -> #N/A | D58: =IF(57<=COUNTIF(Data_Monitoring!$A$2:$A$2920, Dashboard_Visual!$B$4), INDEX(Data_Monitoring!$K$2:$K$2920, MATCH(Dashboard_Visual!$B$4, Data_Monitoring!$A$2:$A$2920, 0) + 57 - 1), NA()) -> #N/A | E58: =IF(57<=COUNTIF(Data_Monitoring!$A$2:$A$2920, Dashboard_Visual!$B$4), INDEX(Data_Monitoring!$H$2:$H$2920, MATCH(Dashboard_Visual!$B$4, Data_Monitoring!$A$2:$A$2920, 0) + 57 - 1), 0) -> 0 | F58: =IF(57<=COUNTIF(Data_Monitoring!$A$2:$A$2920, Dashboard_Visual!$B$4), INDEX(Data_Monitoring!$O$2:$O$2920, MATCH(Dashboard_Visual!$B$4, Data_Monitoring!$A$2:$A$2920, 0) + 57 - 1), 0) -> 0 | G58: =IF(57<=COUNTIF(Data_Monitoring!$A$2:$A$2920, Dashboard_Visual!$B$4), INDEX(Data_Monitoring!$Q$2:$Q$2920, MATCH(Dashboard_Visual!$B$4, Data_Monitoring!$A$2:$A$2920, 0) + 57 - 1), 0) -> 0 | H58: =IF(57<=COUNTIF(Data_Monitoring!$A$2:$A$2920, Dashboard_Visual!$B$4), INDEX(Data_Monitoring!$L$2:$L$2920, MATCH(Dashboard_Visual!$B$4, Data_Monitoring!$A$2:$A$2920, 0) + 57 - 1), "") | I58: =IF(AND(57<=$P$2, ISNUMBER(D58), OR(H58="Warning", H58="Overgrade")), TEXT(ABS(D58)/100, "0.00%"), "") | J58: =IF(H58="Aman", C58, NA()) -> #N/A | K58: =IF(AND(57<=$P$2, H58="Warning"), C58, NA()) -> #N/A | L58: =IF(AND(57<=$P$2, H58="Overgrade"), C58, NA()) -> #N/A | M58: =IF(57<=COUNTIF(Data_Monitoring!$A$2:$A$2920, Dashboard_Visual!$B$4), INDEX(Data_Monitoring!$S$2:$S$2920, MATCH(Dashboard_Visual!$B$4, Data_Monitoring!$A$2:$A$2920, 0) + 57 - 1), 1) -> 1
A59: =IF(58<=COUNTIF(Data_Monitoring!$A$2:$A$2920, Dashboard_Visual!$B$4), INDEX(Data_Monitoring!$B$2:$B$2920, MATCH(Dashboard_Visual!$B$4, Data_Monitoring!$A$2:$A$2920, 0) + 58 - 1), "") | B59: =IF(58<=COUNTIF(Data_Monitoring!$A$2:$A$2920, Dashboard_Visual!$B$4), INDEX(Data_Monitoring!$C$2:$C$2920, MATCH(Dashboard_Visual!$B$4, Data_Monitoring!$A$2:$A$2920, 0) + 58 - 1), "") | C59: =IF(58<=COUNTIF(Data_Monitoring!$A$2:$A$2920, Dashboard_Visual!$B$4), INDEX(Data_Monitoring!$J$2:$J$2920, MATCH(Dashboard_Visual!$B$4, Data_Monitoring!$A$2:$A$2920, 0) + 58 - 1), NA()) -> #N/A | D59: =IF(58<=COUNTIF(Data_Monitoring!$A$2:$A$2920, Dashboard_Visual!$B$4), INDEX(Data_Monitoring!$K$2:$K$2920, MATCH(Dashboard_Visual!$B$4, Data_Monitoring!$A$2:$A$2920, 0) + 58 - 1), NA()) -> #N/A | E59: =IF(58<=COUNTIF(Data_Monitoring!$A$2:$A$2920, Dashboard_Visual!$B$4), INDEX(Data_Monitoring!$H$2:$H$2920, MATCH(Dashboard_Visual!$B$4, Data_Monitoring!$A$2:$A$2920, 0) + 58 - 1), 0) -> 0 | F59: =IF(58<=COUNTIF(Data_Monitoring!$A$2:$A$2920, Dashboard_Visual!$B$4), INDEX(Data_Monitoring!$O$2:$O$2920, MATCH(Dashboard_Visual!$B$4, Data_Monitoring!$A$2:$A$2920, 0) + 58 - 1), 0) -> 0 | G59: =IF(58<=COUNTIF(Data_Monitoring!$A$2:$A$2920, Dashboard_Visual!$B$4), INDEX(Data_Monitoring!$Q$2:$Q$2920, MATCH(Dashboard_Visual!$B$4, Data_Monitoring!$A$2:$A$2920, 0) + 58 - 1), 0) -> 0 | H59: =IF(58<=COUNTIF(Data_Monitoring!$A$2:$A$2920, Dashboard_Visual!$B$4), INDEX(Data_Monitoring!$L$2:$L$2920, MATCH(Dashboard_Visual!$B$4, Data_Monitoring!$A$2:$A$2920, 0) + 58 - 1), "") | I59: =IF(AND(58<=$P$2, ISNUMBER(D59), OR(H59="Warning", H59="Overgrade")), TEXT(ABS(D59)/100, "0.00%"), "") | J59: =IF(H59="Aman", C59, NA()) -> #N/A | K59: =IF(AND(58<=$P$2, H59="Warning"), C59, NA()) -> #N/A | L59: =IF(AND(58<=$P$2, H59="Overgrade"), C59, NA()) -> #N/A | M59: =IF(58<=COUNTIF(Data_Monitoring!$A$2:$A$2920, Dashboard_Visual!$B$4), INDEX(Data_Monitoring!$S$2:$S$2920, MATCH(Dashboard_Visual!$B$4, Data_Monitoring!$A$2:$A$2920, 0) + 58 - 1), 1) -> 1
A60: =IF(59<=COUNTIF(Data_Monitoring!$A$2:$A$2920, Dashboard_Visual!$B$4), INDEX(Data_Monitoring!$B$2:$B$2920, MATCH(Dashboard_Visual!$B$4, Data_Monitoring!$A$2:$A$2920, 0) + 59 - 1), "") | B60: =IF(59<=COUNTIF(Data_Monitoring!$A$2:$A$2920, Dashboard_Visual!$B$4), INDEX(Data_Monitoring!$C$2:$C$2920, MATCH(Dashboard_Visual!$B$4, Data_Monitoring!$A$2:$A$2920, 0) + 59 - 1), "") | C60: =IF(59<=COUNTIF(Data_Monitoring!$A$2:$A$2920, Dashboard_Visual!$B$4), INDEX(Data_Monitoring!$J$2:$J$2920, MATCH(Dashboard_Visual!$B$4, Data_Monitoring!$A$2:$A$2920, 0) + 59 - 1), NA()) -> #N/A | D60: =IF(59<=COUNTIF(Data_Monitoring!$A$2:$A$2920, Dashboard_Visual!$B$4), INDEX(Data_Monitoring!$K$2:$K$2920, MATCH(Dashboard_Visual!$B$4, Data_Monitoring!$A$2:$A$2920, 0) + 59 - 1), NA()) -> #N/A | E60: =IF(59<=COUNTIF(Data_Monitoring!$A$2:$A$2920, Dashboard_Visual!$B$4), INDEX(Data_Monitoring!$H$2:$H$2920, MATCH(Dashboard_Visual!$B$4, Data_Monitoring!$A$2:$A$2920, 0) + 59 - 1), 0) -> 0 | F60: =IF(59<=COUNTIF(Data_Monitoring!$A$2:$A$2920, Dashboard_Visual!$B$4), INDEX(Data_Monitoring!$O$2:$O$2920, MATCH(Dashboard_Visual!$B$4, Data_Monitoring!$A$2:$A$2920, 0) + 59 - 1), 0) -> 0 | G60: =IF(59<=COUNTIF(Data_Monitoring!$A$2:$A$2920, Dashboard_Visual!$B$4), INDEX(Data_Monitoring!$Q$2:$Q$2920, MATCH(Dashboard_Visual!$B$4, Data_Monitoring!$A$2:$A$2920, 0) + 59 - 1), 0) -> 0 | H60: =IF(59<=COUNTIF(Data_Monitoring!$A$2:$A$2920, Dashboard_Visual!$B$4), INDEX(Data_Monitoring!$L$2:$L$2920, MATCH(Dashboard_Visual!$B$4, Data_Monitoring!$A$2:$A$2920, 0) + 59 - 1), "") | I60: =IF(AND(59<=$P$2, ISNUMBER(D60), OR(H60="Warning", H60="Overgrade")), TEXT(ABS(D60)/100, "0.00%"), "") | J60: =IF(H60="Aman", C60, NA()) -> #N/A | K60: =IF(AND(59<=$P$2, H60="Warning"), C60, NA()) -> #N/A | L60: =IF(AND(59<=$P$2, H60="Overgrade"), C60, NA()) -> #N/A | M60: =IF(59<=COUNTIF(Data_Monitoring!$A$2:$A$2920, Dashboard_Visual!$B$4), INDEX(Data_Monitoring!$S$2:$S$2920, MATCH(Dashboard_Visual!$B$4, Data_Monitoring!$A$2:$A$2920, 0) + 59 - 1), 1) -> 1
A61: =IF(60<=COUNTIF(Data_Monitoring!$A$2:$A$2920, Dashboard_Visual!$B$4), INDEX(Data_Monitoring!$B$2:$B$2920, MATCH(Dashboard_Visual!$B$4, Data_Monitoring!$A$2:$A$2920, 0) + 60 - 1), "") | B61: =IF(60<=COUNTIF(Data_Monitoring!$A$2:$A$2920, Dashboard_Visual!$B$4), INDEX(Data_Monitoring!$C$2:$C$2920, MATCH(Dashboard_Visual!$B$4, Data_Monitoring!$A$2:$A$2920, 0) + 60 - 1), "") | C61: =IF(60<=COUNTIF(Data_Monitoring!$A$2:$A$2920, Dashboard_Visual!$B$4), INDEX(Data_Monitoring!$J$2:$J$2920, MATCH(Dashboard_Visual!$B$4, Data_Monitoring!$A$2:$A$2920, 0) + 60 - 1), NA()) -> #N/A | D61: =IF(60<=COUNTIF(Data_Monitoring!$A$2:$A$2920, Dashboard_Visual!$B$4), INDEX(Data_Monitoring!$K$2:$K$2920, MATCH(Dashboard_Visual!$B$4, Data_Monitoring!$A$2:$A$2920, 0) + 60 - 1), NA()) -> #N/A | E61: =IF(60<=COUNTIF(Data_Monitoring!$A$2:$A$2920, Dashboard_Visual!$B$4), INDEX(Data_Monitoring!$H$2:$H$2920, MATCH(Dashboard_Visual!$B$4, Data_Monitoring!$A$2:$A$2920, 0) + 60 - 1), 0) -> 0 | F61: =IF(60<=COUNTIF(Data_Monitoring!$A$2:$A$2920, Dashboard_Visual!$B$4), INDEX(Data_Monitoring!$O$2:$O$2920, MATCH(Dashboard_Visual!$B$4, Data_Monitoring!$A$2:$A$2920, 0) + 60 - 1), 0) -> 0 | G61: =IF(60<=COUNTIF(Data_Monitoring!$A$2:$A$2920, Dashboard_Visual!$B$4), INDEX(Data_Monitoring!$Q$2:$Q$2920, MATCH(Dashboard_Visual!$B$4, Data_Monitoring!$A$2:$A$2920, 0) + 60 - 1), 0) -> 0 | H61: =IF(60<=COUNTIF(Data_Monitoring!$A$2:$A$2920, Dashboard_Visual!$B$4), INDEX(Data_Monitoring!$L$2:$L$2920, MATCH(Dashboard_Visual!$B$4, Data_Monitoring!$A$2:$A$2920, 0) + 60 - 1), "") | I61: =IF(AND(60<=$P$2, ISNUMBER(D61), OR(H61="Warning", H61="Overgrade")), TEXT(ABS(D61)/100, "0.00%"), "") | J61: =IF(H61="Aman", C61, NA()) -> #N/A | K61: =IF(AND(60<=$P$2, H61="Warning"), C61, NA()) -> #N/A | L61: =IF(AND(60<=$P$2, H61="Overgrade"), C61, NA()) -> #N/A | M61: =IF(60<=COUNTIF(Data_Monitoring!$A$2:$A$2920, Dashboard_Visual!$B$4), INDEX(Data_Monitoring!$S$2:$S$2920, MATCH(Dashboard_Visual!$B$4, Data_Monitoring!$A$2:$A$2920, 0) + 60 - 1), 1) -> 1
A62: =IF(61<=COUNTIF(Data_Monitoring!$A$2:$A$2920, Dashboard_Visual!$B$4), INDEX(Data_Monitoring!$B$2:$B$2920, MATCH(Dashboard_Visual!$B$4, Data_Monitoring!$A$2:$A$2920, 0) + 61 - 1), "") | B62: =IF(61<=COUNTIF(Data_Monitoring!$A$2:$A$2920, Dashboard_Visual!$B$4), INDEX(Data_Monitoring!$C$2:$C$2920, MATCH(Dashboard_Visual!$B$4, Data_Monitoring!$A$2:$A$2920, 0) + 61 - 1), "") | C62: =IF(61<=COUNTIF(Data_Monitoring!$A$2:$A$2920, Dashboard_Visual!$B$4), INDEX(Data_Monitoring!$J$2:$J$2920, MATCH(Dashboard_Visual!$B$4, Data_Monitoring!$A$2:$A$2920, 0) + 61 - 1), NA()) -> #N/A | D62: =IF(61<=COUNTIF(Data_Monitoring!$A$2:$A$2920, Dashboard_Visual!$B$4), INDEX(Data_Monitoring!$K$2:$K$2920, MATCH(Dashboard_Visual!$B$4, Data_Monitoring!$A$2:$A$2920, 0) + 61 - 1), NA()) -> #N/A | E62: =IF(61<=COUNTIF(Data_Monitoring!$A$2:$A$2920, Dashboard_Visual!$B$4), INDEX(Data_Monitoring!$H$2:$H$2920, MATCH(Dashboard_Visual!$B$4, Data_Monitoring!$A$2:$A$2920, 0) + 61 - 1), 0) -> 0 | F62: =IF(61<=COUNTIF(Data_Monitoring!$A$2:$A$2920, Dashboard_Visual!$B$4), INDEX(Data_Monitoring!$O$2:$O$2920, MATCH(Dashboard_Visual!$B$4, Data_Monitoring!$A$2:$A$2920, 0) + 61 - 1), 0) -> 0 | G62: =IF(61<=COUNTIF(Data_Monitoring!$A$2:$A$2920, Dashboard_Visual!$B$4), INDEX(Data_Monitoring!$Q$2:$Q$2920, MATCH(Dashboard_Visual!$B$4, Data_Monitoring!$A$2:$A$2920, 0) + 61 - 1), 0) -> 0 | H62: =IF(61<=COUNTIF(Data_Monitoring!$A$2:$A$2920, Dashboard_Visual!$B$4), INDEX(Data_Monitoring!$L$2:$L$2920, MATCH(Dashboard_Visual!$B$4, Data_Monitoring!$A$2:$A$2920, 0) + 61 - 1), "") | I62: =IF(AND(61<=$P$2, ISNUMBER(D62), OR(H62="Warning", H62="Overgrade")), TEXT(ABS(D62)/100, "0.00%"), "") | J62: =IF(H62="Aman", C62, NA()) -> #N/A | K62: =IF(AND(61<=$P$2, H62="Warning"), C62, NA()) -> #N/A | L62: =IF(AND(61<=$P$2, H62="Overgrade"), C62, NA()) -> #N/A | M62: =IF(61<=COUNTIF(Data_Monitoring!$A$2:$A$2920, Dashboard_Visual!$B$4), INDEX(Data_Monitoring!$S$2:$S$2920, MATCH(Dashboard_Visual!$B$4, Data_Monitoring!$A$2:$A$2920, 0) + 61 - 1), 1) -> 1
A63: =IF(62<=COUNTIF(Data_Monitoring!$A$2:$A$2920, Dashboard_Visual!$B$4), INDEX(Data_Monitoring!$B$2:$B$2920, MATCH(Dashboard_Visual!$B$4, Data_Monitoring!$A$2:$A$2920, 0) + 62 - 1), "") | B63: =IF(62<=COUNTIF(Data_Monitoring!$A$2:$A$2920, Dashboard_Visual!$B$4), INDEX(Data_Monitoring!$C$2:$C$2920, MATCH(Dashboard_Visual!$B$4, Data_Monitoring!$A$2:$A$2920, 0) + 62 - 1), "") | C63: =IF(62<=COUNTIF(Data_Monitoring!$A$2:$A$2920, Dashboard_Visual!$B$4), INDEX(Data_Monitoring!$J$2:$J$2920, MATCH(Dashboard_Visual!$B$4, Data_Monitoring!$A$2:$A$2920, 0) + 62 - 1), NA()) -> #N/A | D63: =IF(62<=COUNTIF(Data_Monitoring!$A$2:$A$2920, Dashboard_Visual!$B$4), INDEX(Data_Monitoring!$K$2:$K$2920, MATCH(Dashboard_Visual!$B$4, Data_Monitoring!$A$2:$A$2920, 0) + 62 - 1), NA()) -> #N/A | E63: =IF(62<=COUNTIF(Data_Monitoring!$A$2:$A$2920, Dashboard_Visual!$B$4), INDEX(Data_Monitoring!$H$2:$H$2920, MATCH(Dashboard_Visual!$B$4, Data_Monitoring!$A$2:$A$2920, 0) + 62 - 1), 0) -> 0 | F63: =IF(62<=COUNTIF(Data_Monitoring!$A$2:$A$2920, Dashboard_Visual!$B$4), INDEX(Data_Monitoring!$O$2:$O$2920, MATCH(Dashboard_Visual!$B$4, Data_Monitoring!$A$2:$A$2920, 0) + 62 - 1), 0) -> 0 | G63: =IF(62<=COUNTIF(Data_Monitoring!$A$2:$A$2920, Dashboard_Visual!$B$4), INDEX(Data_Monitoring!$Q$2:$Q$2920, MATCH(Dashboard_Visual!$B$4, Data_Monitoring!$A$2:$A$2920, 0) + 62 - 1), 0) -> 0 | H63: =IF(62<=COUNTIF(Data_Monitoring!$A$2:$A$2920, Dashboard_Visual!$B$4), INDEX(Data_Monitoring!$L$2:$L$2920, MATCH(Dashboard_Visual!$B$4, Data_Monitoring!$A$2:$A$2920, 0) + 62 - 1), "") | I63: =IF(AND(62<=$P$2, ISNUMBER(D63), OR(H63="Warning", H63="Overgrade")), TEXT(ABS(D63)/100, "0.00%"), "") | J63: =IF(H63="Aman", C63, NA()) -> #N/A | K63: =IF(AND(62<=$P$2, H63="Warning"), C63, NA()) -> #N/A | L63: =IF(AND(62<=$P$2, H63="Overgrade"), C63, NA()) -> #N/A | M63: =IF(62<=COUNTIF(Data_Monitoring!$A$2:$A$2920, Dashboard_Visual!$B$4), INDEX(Data_Monitoring!$S$2:$S$2920, MATCH(Dashboard_Visual!$B$4, Data_Monitoring!$A$2:$A$2920, 0) + 62 - 1), 1) -> 1
A64: =IF(63<=COUNTIF(Data_Monitoring!$A$2:$A$2920, Dashboard_Visual!$B$4), INDEX(Data_Monitoring!$B$2:$B$2920, MATCH(Dashboard_Visual!$B$4, Data_Monitoring!$A$2:$A$2920, 0) + 63 - 1), "") | B64: =IF(63<=COUNTIF(Data_Monitoring!$A$2:$A$2920, Dashboard_Visual!$B$4), INDEX(Data_Monitoring!$C$2:$C$2920, MATCH(Dashboard_Visual!$B$4, Data_Monitoring!$A$2:$A$2920, 0) + 63 - 1), "") | C64: =IF(63<=COUNTIF(Data_Monitoring!$A$2:$A$2920, Dashboard_Visual!$B$4), INDEX(Data_Monitoring!$J$2:$J$2920, MATCH(Dashboard_Visual!$B$4, Data_Monitoring!$A$2:$A$2920, 0) + 63 - 1), NA()) -> #N/A | D64: =IF(63<=COUNTIF(Data_Monitoring!$A$2:$A$2920, Dashboard_Visual!$B$4), INDEX(Data_Monitoring!$K$2:$K$2920, MATCH(Dashboard_Visual!$B$4, Data_Monitoring!$A$2:$A$2920, 0) + 63 - 1), NA()) -> #N/A | E64: =IF(63<=COUNTIF(Data_Monitoring!$A$2:$A$2920, Dashboard_Visual!$B$4), INDEX(Data_Monitoring!$H$2:$H$2920, MATCH(Dashboard_Visual!$B$4, Data_Monitoring!$A$2:$A$2920, 0) + 63 - 1), 0) -> 0 | F64: =IF(63<=COUNTIF(Data_Monitoring!$A$2:$A$2920, Dashboard_Visual!$B$4), INDEX(Data_Monitoring!$O$2:$O$2920, MATCH(Dashboard_Visual!$B$4, Data_Monitoring!$A$2:$A$2920, 0) + 63 - 1), 0) -> 0 | G64: =IF(63<=COUNTIF(Data_Monitoring!$A$2:$A$2920, Dashboard_Visual!$B$4), INDEX(Data_Monitoring!$Q$2:$Q$2920, MATCH(Dashboard_Visual!$B$4, Data_Monitoring!$A$2:$A$2920, 0) + 63 - 1), 0) -> 0 | H64: =IF(63<=COUNTIF(Data_Monitoring!$A$2:$A$2920, Dashboard_Visual!$B$4), INDEX(Data_Monitoring!$L$2:$L$2920, MATCH(Dashboard_Visual!$B$4, Data_Monitoring!$A$2:$A$2920, 0) + 63 - 1), "") | I64: =IF(AND(63<=$P$2, ISNUMBER(D64), OR(H64="Warning", H64="Overgrade")), TEXT(ABS(D64)/100, "0.00%"), "") | J64: =IF(H64="Aman", C64, NA()) -> #N/A | K64: =IF(AND(63<=$P$2, H64="Warning"), C64, NA()) -> #N/A | L64: =IF(AND(63<=$P$2, H64="Overgrade"), C64, NA()) -> #N/A | M64: =IF(63<=COUNTIF(Data_Monitoring!$A$2:$A$2920, Dashboard_Visual!$B$4), INDEX(Data_Monitoring!$S$2:$S$2920, MATCH(Dashboard_Visual!$B$4, Data_Monitoring!$A$2:$A$2920, 0) + 63 - 1), 1) -> 1
A65: =IF(64<=COUNTIF(Data_Monitoring!$A$2:$A$2920, Dashboard_Visual!$B$4), INDEX(Data_Monitoring!$B$2:$B$2920, MATCH(Dashboard_Visual!$B$4, Data_Monitoring!$A$2:$A$2920, 0) + 64 - 1), "") | B65: =IF(64<=COUNTIF(Data_Monitoring!$A$2:$A$2920, Dashboard_Visual!$B$4), INDEX(Data_Monitoring!$C$2:$C$2920, MATCH(Dashboard_Visual!$B$4, Data_Monitoring!$A$2:$A$2920, 0) + 64 - 1), "") | C65: =IF(64<=COUNTIF(Data_Monitoring!$A$2:$A$2920, Dashboard_Visual!$B$4), INDEX(Data_Monitoring!$J$2:$J$2920, MATCH(Dashboard_Visual!$B$4, Data_Monitoring!$A$2:$A$2920, 0) + 64 - 1), NA()) -> #N/A | D65: =IF(64<=COUNTIF(Data_Monitoring!$A$2:$A$2920, Dashboard_Visual!$B$4), INDEX(Data_Monitoring!$K$2:$K$2920, MATCH(Dashboard_Visual!$B$4, Data_Monitoring!$A$2:$A$2920, 0) + 64 - 1), NA()) -> #N/A | E65: =IF(64<=COUNTIF(Data_Monitoring!$A$2:$A$2920, Dashboard_Visual!$B$4), INDEX(Data_Monitoring!$H$2:$H$2920, MATCH(Dashboard_Visual!$B$4, Data_Monitoring!$A$2:$A$2920, 0) + 64 - 1), 0) -> 0 | F65: =IF(64<=COUNTIF(Data_Monitoring!$A$2:$A$2920, Dashboard_Visual!$B$4), INDEX(Data_Monitoring!$O$2:$O$2920, MATCH(Dashboard_Visual!$B$4, Data_Monitoring!$A$2:$A$2920, 0) + 64 - 1), 0) -> 0 | G65: =IF(64<=COUNTIF(Data_Monitoring!$A$2:$A$2920, Dashboard_Visual!$B$4), INDEX(Data_Monitoring!$Q$2:$Q$2920, MATCH(Dashboard_Visual!$B$4, Data_Monitoring!$A$2:$A$2920, 0) + 64 - 1), 0) -> 0 | H65: =IF(64<=COUNTIF(Data_Monitoring!$A$2:$A$2920, Dashboard_Visual!$B$4), INDEX(Data_Monitoring!$L$2:$L$2920, MATCH(Dashboard_Visual!$B$4, Data_Monitoring!$A$2:$A$2920, 0) + 64 - 1), "") | I65: =IF(AND(64<=$P$2, ISNUMBER(D65), OR(H65="Warning", H65="Overgrade")), TEXT(ABS(D65)/100, "0.00%"), "") | J65: =IF(H65="Aman", C65, NA()) -> #N/A | K65: =IF(AND(64<=$P$2, H65="Warning"), C65, NA()) -> #N/A | L65: =IF(AND(64<=$P$2, H65="Overgrade"), C65, NA()) -> #N/A | M65: =IF(64<=COUNTIF(Data_Monitoring!$A$2:$A$2920, Dashboard_Visual!$B$4), INDEX(Data_Monitoring!$S$2:$S$2920, MATCH(Dashboard_Visual!$B$4, Data_Monitoring!$A$2:$A$2920, 0) + 64 - 1), 1) -> 1
A66: =IF(65<=COUNTIF(Data_Monitoring!$A$2:$A$2920, Dashboard_Visual!$B$4), INDEX(Data_Monitoring!$B$2:$B$2920, MATCH(Dashboard_Visual!$B$4, Data_Monitoring!$A$2:$A$2920, 0) + 65 - 1), "") | B66: =IF(65<=COUNTIF(Data_Monitoring!$A$2:$A$2920, Dashboard_Visual!$B$4), INDEX(Data_Monitoring!$C$2:$C$2920, MATCH(Dashboard_Visual!$B$4, Data_Monitoring!$A$2:$A$2920, 0) + 65 - 1), "") | C66: =IF(65<=COUNTIF(Data_Monitoring!$A$2:$A$2920, Dashboard_Visual!$B$4), INDEX(Data_Monitoring!$J$2:$J$2920, MATCH(Dashboard_Visual!$B$4, Data_Monitoring!$A$2:$A$2920, 0) + 65 - 1), NA()) -> #N/A | D66: =IF(65<=COUNTIF(Data_Monitoring!$A$2:$A$2920, Dashboard_Visual!$B$4), INDEX(Data_Monitoring!$K$2:$K$2920, MATCH(Dashboard_Visual!$B$4, Data_Monitoring!$A$2:$A$2920, 0) + 65 - 1), NA()) -> #N/A | E66: =IF(65<=COUNTIF(Data_Monitoring!$A$2:$A$2920, Dashboard_Visual!$B$4), INDEX(Data_Monitoring!$H$2:$H$2920, MATCH(Dashboard_Visual!$B$4, Data_Monitoring!$A$2:$A$2920, 0) + 65 - 1), 0) -> 0 | F66: =IF(65<=COUNTIF(Data_Monitoring!$A$2:$A$2920, Dashboard_Visual!$B$4), INDEX(Data_Monitoring!$O$2:$O$2920, MATCH(Dashboard_Visual!$B$4, Data_Monitoring!$A$2:$A$2920, 0) + 65 - 1), 0) -> 0 | G66: =IF(65<=COUNTIF(Data_Monitoring!$A$2:$A$2920, Dashboard_Visual!$B$4), INDEX(Data_Monitoring!$Q$2:$Q$2920, MATCH(Dashboard_Visual!$B$4, Data_Monitoring!$A$2:$A$2920, 0) + 65 - 1), 0) -> 0 | H66: =IF(65<=COUNTIF(Data_Monitoring!$A$2:$A$2920, Dashboard_Visual!$B$4), INDEX(Data_Monitoring!$L$2:$L$2920, MATCH(Dashboard_Visual!$B$4, Data_Monitoring!$A$2:$A$2920, 0) + 65 - 1), "") | I66: =IF(AND(65<=$P$2, ISNUMBER(D66), OR(H66="Warning", H66="Overgrade")), TEXT(ABS(D66)/100, "0.00%"), "") | J66: =IF(H66="Aman", C66, NA()) -> #N/A | K66: =IF(AND(65<=$P$2, H66="Warning"), C66, NA()) -> #N/A | L66: =IF(AND(65<=$P$2, H66="Overgrade"), C66, NA()) -> #N/A | M66: =IF(65<=COUNTIF(Data_Monitoring!$A$2:$A$2920, Dashboard_Visual!$B$4), INDEX(Data_Monitoring!$S$2:$S$2920, MATCH(Dashboard_Visual!$B$4, Data_Monitoring!$A$2:$A$2920, 0) + 65 - 1), 1) -> 1
A67: =IF(66<=COUNTIF(Data_Monitoring!$A$2:$A$2920, Dashboard_Visual!$B$4), INDEX(Data_Monitoring!$B$2:$B$2920, MATCH(Dashboard_Visual!$B$4, Data_Monitoring!$A$2:$A$2920, 0) + 66 - 1), "") | B67: =IF(66<=COUNTIF(Data_Monitoring!$A$2:$A$2920, Dashboard_Visual!$B$4), INDEX(Data_Monitoring!$C$2:$C$2920, MATCH(Dashboard_Visual!$B$4, Data_Monitoring!$A$2:$A$2920, 0) + 66 - 1), "") | C67: =IF(66<=COUNTIF(Data_Monitoring!$A$2:$A$2920, Dashboard_Visual!$B$4), INDEX(Data_Monitoring!$J$2:$J$2920, MATCH(Dashboard_Visual!$B$4, Data_Monitoring!$A$2:$A$2920, 0) + 66 - 1), NA()) -> #N/A | D67: =IF(66<=COUNTIF(Data_Monitoring!$A$2:$A$2920, Dashboard_Visual!$B$4), INDEX(Data_Monitoring!$K$2:$K$2920, MATCH(Dashboard_Visual!$B$4, Data_Monitoring!$A$2:$A$2920, 0) + 66 - 1), NA()) -> #N/A | E67: =IF(66<=COUNTIF(Data_Monitoring!$A$2:$A$2920, Dashboard_Visual!$B$4), INDEX(Data_Monitoring!$H$2:$H$2920, MATCH(Dashboard_Visual!$B$4, Data_Monitoring!$A$2:$A$2920, 0) + 66 - 1), 0) -> 0 | F67: =IF(66<=COUNTIF(Data_Monitoring!$A$2:$A$2920, Dashboard_Visual!$B$4), INDEX(Data_Monitoring!$O$2:$O$2920, MATCH(Dashboard_Visual!$B$4, Data_Monitoring!$A$2:$A$2920, 0) + 66 - 1), 0) -> 0 | G67: =IF(66<=COUNTIF(Data_Monitoring!$A$2:$A$2920, Dashboard_Visual!$B$4), INDEX(Data_Monitoring!$Q$2:$Q$2920, MATCH(Dashboard_Visual!$B$4, Data_Monitoring!$A$2:$A$2920, 0) + 66 - 1), 0) -> 0 | H67: =IF(66<=COUNTIF(Data_Monitoring!$A$2:$A$2920, Dashboard_Visual!$B$4), INDEX(Data_Monitoring!$L$2:$L$2920, MATCH(Dashboard_Visual!$B$4, Data_Monitoring!$A$2:$A$2920, 0) + 66 - 1), "") | I67: =IF(AND(66<=$P$2, ISNUMBER(D67), OR(H67="Warning", H67="Overgrade")), TEXT(ABS(D67)/100, "0.00%"), "") | J67: =IF(H67="Aman", C67, NA()) -> #N/A | K67: =IF(AND(66<=$P$2, H67="Warning"), C67, NA()) -> #N/A | L67: =IF(AND(66<=$P$2, H67="Overgrade"), C67, NA()) -> #N/A | M67: =IF(66<=COUNTIF(Data_Monitoring!$A$2:$A$2920, Dashboard_Visual!$B$4), INDEX(Data_Monitoring!$S$2:$S$2920, MATCH(Dashboard_Visual!$B$4, Data_Monitoring!$A$2:$A$2920, 0) + 66 - 1), 1) -> 1
A68: =IF(67<=COUNTIF(Data_Monitoring!$A$2:$A$2920, Dashboard_Visual!$B$4), INDEX(Data_Monitoring!$B$2:$B$2920, MATCH(Dashboard_Visual!$B$4, Data_Monitoring!$A$2:$A$2920, 0) + 67 - 1), "") | B68: =IF(67<=COUNTIF(Data_Monitoring!$A$2:$A$2920, Dashboard_Visual!$B$4), INDEX(Data_Monitoring!$C$2:$C$2920, MATCH(Dashboard_Visual!$B$4, Data_Monitoring!$A$2:$A$2920, 0) + 67 - 1), "") | C68: =IF(67<=COUNTIF(Data_Monitoring!$A$2:$A$2920, Dashboard_Visual!$B$4), INDEX(Data_Monitoring!$J$2:$J$2920, MATCH(Dashboard_Visual!$B$4, Data_Monitoring!$A$2:$A$2920, 0) + 67 - 1), NA()) -> #N/A | D68: =IF(67<=COUNTIF(Data_Monitoring!$A$2:$A$2920, Dashboard_Visual!$B$4), INDEX(Data_Monitoring!$K$2:$K$2920, MATCH(Dashboard_Visual!$B$4, Data_Monitoring!$A$2:$A$2920, 0) + 67 - 1), NA()) -> #N/A | E68: =IF(67<=COUNTIF(Data_Monitoring!$A$2:$A$2920, Dashboard_Visual!$B$4), INDEX(Data_Monitoring!$H$2:$H$2920, MATCH(Dashboard_Visual!$B$4, Data_Monitoring!$A$2:$A$2920, 0) + 67 - 1), 0) -> 0 | F68: =IF(67<=COUNTIF(Data_Monitoring!$A$2:$A$2920, Dashboard_Visual!$B$4), INDEX(Data_Monitoring!$O$2:$O$2920, MATCH(Dashboard_Visual!$B$4, Data_Monitoring!$A$2:$A$2920, 0) + 67 - 1), 0) -> 0 | G68: =IF(67<=COUNTIF(Data_Monitoring!$A$2:$A$2920, Dashboard_Visual!$B$4), INDEX(Data_Monitoring!$Q$2:$Q$2920, MATCH(Dashboard_Visual!$B$4, Data_Monitoring!$A$2:$A$2920, 0) + 67 - 1), 0) -> 0 | H68: =IF(67<=COUNTIF(Data_Monitoring!$A$2:$A$2920, Dashboard_Visual!$B$4), INDEX(Data_Monitoring!$L$2:$L$2920, MATCH(Dashboard_Visual!$B$4, Data_Monitoring!$A$2:$A$2920, 0) + 67 - 1), "") | I68: =IF(AND(67<=$P$2, ISNUMBER(D68), OR(H68="Warning", H68="Overgrade")), TEXT(ABS(D68)/100, "0.00%"), "") | J68: =IF(H68="Aman", C68, NA()) -> #N/A | K68: =IF(AND(67<=$P$2, H68="Warning"), C68, NA()) -> #N/A | L68: =IF(AND(67<=$P$2, H68="Overgrade"), C68, NA()) -> #N/A | M68: =IF(67<=COUNTIF(Data_Monitoring!$A$2:$A$2920, Dashboard_Visual!$B$4), INDEX(Data_Monitoring!$S$2:$S$2920, MATCH(Dashboard_Visual!$B$4, Data_Monitoring!$A$2:$A$2920, 0) + 67 - 1), 1) -> 1
A69: =IF(68<=COUNTIF(Data_Monitoring!$A$2:$A$2920, Dashboard_Visual!$B$4), INDEX(Data_Monitoring!$B$2:$B$2920, MATCH(Dashboard_Visual!$B$4, Data_Monitoring!$A$2:$A$2920, 0) + 68 - 1), "") | B69: =IF(68<=COUNTIF(Data_Monitoring!$A$2:$A$2920, Dashboard_Visual!$B$4), INDEX(Data_Monitoring!$C$2:$C$2920, MATCH(Dashboard_Visual!$B$4, Data_Monitoring!$A$2:$A$2920, 0) + 68 - 1), "") | C69: =IF(68<=COUNTIF(Data_Monitoring!$A$2:$A$2920, Dashboard_Visual!$B$4), INDEX(Data_Monitoring!$J$2:$J$2920, MATCH(Dashboard_Visual!$B$4, Data_Monitoring!$A$2:$A$2920, 0) + 68 - 1), NA()) -> #N/A | D69: =IF(68<=COUNTIF(Data_Monitoring!$A$2:$A$2920, Dashboard_Visual!$B$4), INDEX(Data_Monitoring!$K$2:$K$2920, MATCH(Dashboard_Visual!$B$4, Data_Monitoring!$A$2:$A$2920, 0) + 68 - 1), NA()) -> #N/A | E69: =IF(68<=COUNTIF(Data_Monitoring!$A$2:$A$2920, Dashboard_Visual!$B$4), INDEX(Data_Monitoring!$H$2:$H$2920, MATCH(Dashboard_Visual!$B$4, Data_Monitoring!$A$2:$A$2920, 0) + 68 - 1), 0) -> 0 | F69: =IF(68<=COUNTIF(Data_Monitoring!$A$2:$A$2920, Dashboard_Visual!$B$4), INDEX(Data_Monitoring!$O$2:$O$2920, MATCH(Dashboard_Visual!$B$4, Data_Monitoring!$A$2:$A$2920, 0) + 68 - 1), 0) -> 0 | G69: =IF(68<=COUNTIF(Data_Monitoring!$A$2:$A$2920, Dashboard_Visual!$B$4), INDEX(Data_Monitoring!$Q$2:$Q$2920, MATCH(Dashboard_Visual!$B$4, Data_Monitoring!$A$2:$A$2920, 0) + 68 - 1), 0) -> 0 | H69: =IF(68<=COUNTIF(Data_Monitoring!$A$2:$A$2920, Dashboard_Visual!$B$4), INDEX(Data_Monitoring!$L$2:$L$2920, MATCH(Dashboard_Visual!$B$4, Data_Monitoring!$A$2:$A$2920, 0) + 68 - 1), "") | I69: =IF(AND(68<=$P$2, ISNUMBER(D69), OR(H69="Warning", H69="Overgrade")), TEXT(ABS(D69)/100, "0.00%"), "") | J69: =IF(H69="Aman", C69, NA()) -> #N/A | K69: =IF(AND(68<=$P$2, H69="Warning"), C69, NA()) -> #N/A | L69: =IF(AND(68<=$P$2, H69="Overgrade"), C69, NA()) -> #N/A | M69: =IF(68<=COUNTIF(Data_Monitoring!$A$2:$A$2920, Dashboard_Visual!$B$4), INDEX(Data_Monitoring!$S$2:$S$2920, MATCH(Dashboard_Visual!$B$4, Data_Monitoring!$A$2:$A$2920, 0) + 68 - 1), 1) -> 1
A70: =IF(69<=COUNTIF(Data_Monitoring!$A$2:$A$2920, Dashboard_Visual!$B$4), INDEX(Data_Monitoring!$B$2:$B$2920, MATCH(Dashboard_Visual!$B$4, Data_Monitoring!$A$2:$A$2920, 0) + 69 - 1), "") | B70: =IF(69<=COUNTIF(Data_Monitoring!$A$2:$A$2920, Dashboard_Visual!$B$4), INDEX(Data_Monitoring!$C$2:$C$2920, MATCH(Dashboard_Visual!$B$4, Data_Monitoring!$A$2:$A$2920, 0) + 69 - 1), "") | C70: =IF(69<=COUNTIF(Data_Monitoring!$A$2:$A$2920, Dashboard_Visual!$B$4), INDEX(Data_Monitoring!$J$2:$J$2920, MATCH(Dashboard_Visual!$B$4, Data_Monitoring!$A$2:$A$2920, 0) + 69 - 1), NA()) -> #N/A | D70: =IF(69<=COUNTIF(Data_Monitoring!$A$2:$A$2920, Dashboard_Visual!$B$4), INDEX(Data_Monitoring!$K$2:$K$2920, MATCH(Dashboard_Visual!$B$4, Data_Monitoring!$A$2:$A$2920, 0) + 69 - 1), NA()) -> #N/A | E70: =IF(69<=COUNTIF(Data_Monitoring!$A$2:$A$2920, Dashboard_Visual!$B$4), INDEX(Data_Monitoring!$H$2:$H$2920, MATCH(Dashboard_Visual!$B$4, Data_Monitoring!$A$2:$A$2920, 0) + 69 - 1), 0) -> 0 | F70: =IF(69<=COUNTIF(Data_Monitoring!$A$2:$A$2920, Dashboard_Visual!$B$4), INDEX(Data_Monitoring!$O$2:$O$2920, MATCH(Dashboard_Visual!$B$4, Data_Monitoring!$A$2:$A$2920, 0) + 69 - 1), 0) -> 0 | G70: =IF(69<=COUNTIF(Data_Monitoring!$A$2:$A$2920, Dashboard_Visual!$B$4), INDEX(Data_Monitoring!$Q$2:$Q$2920, MATCH(Dashboard_Visual!$B$4, Data_Monitoring!$A$2:$A$2920, 0) + 69 - 1), 0) -> 0 | H70: =IF(69<=COUNTIF(Data_Monitoring!$A$2:$A$2920, Dashboard_Visual!$B$4), INDEX(Data_Monitoring!$L$2:$L$2920, MATCH(Dashboard_Visual!$B$4, Data_Monitoring!$A$2:$A$2920, 0) + 69 - 1), "") | I70: =IF(AND(69<=$P$2, ISNUMBER(D70), OR(H70="Warning", H70="Overgrade")), TEXT(ABS(D70)/100, "0.00%"), "") | J70: =IF(H70="Aman", C70, NA()) -> #N/A | K70: =IF(AND(69<=$P$2, H70="Warning"), C70, NA()) -> #N/A | L70: =IF(AND(69<=$P$2, H70="Overgrade"), C70, NA()) -> #N/A | M70: =IF(69<=COUNTIF(Data_Monitoring!$A$2:$A$2920, Dashboard_Visual!$B$4), INDEX(Data_Monitoring!$S$2:$S$2920, MATCH(Dashboard_Visual!$B$4, Data_Monitoring!$A$2:$A$2920, 0) + 69 - 1), 1) -> 1
A71: =IF(70<=COUNTIF(Data_Monitoring!$A$2:$A$2920, Dashboard_Visual!$B$4), INDEX(Data_Monitoring!$B$2:$B$2920, MATCH(Dashboard_Visual!$B$4, Data_Monitoring!$A$2:$A$2920, 0) + 70 - 1), "") | B71: =IF(70<=COUNTIF(Data_Monitoring!$A$2:$A$2920, Dashboard_Visual!$B$4), INDEX(Data_Monitoring!$C$2:$C$2920, MATCH(Dashboard_Visual!$B$4, Data_Monitoring!$A$2:$A$2920, 0) + 70 - 1), "") | C71: =IF(70<=COUNTIF(Data_Monitoring!$A$2:$A$2920, Dashboard_Visual!$B$4), INDEX(Data_Monitoring!$J$2:$J$2920, MATCH(Dashboard_Visual!$B$4, Data_Monitoring!$A$2:$A$2920, 0) + 70 - 1), NA()) -> #N/A | D71: =IF(70<=COUNTIF(Data_Monitoring!$A$2:$A$2920, Dashboard_Visual!$B$4), INDEX(Data_Monitoring!$K$2:$K$2920, MATCH(Dashboard_Visual!$B$4, Data_Monitoring!$A$2:$A$2920, 0) + 70 - 1), NA()) -> #N/A | E71: =IF(70<=COUNTIF(Data_Monitoring!$A$2:$A$2920, Dashboard_Visual!$B$4), INDEX(Data_Monitoring!$H$2:$H$2920, MATCH(Dashboard_Visual!$B$4, Data_Monitoring!$A$2:$A$2920, 0) + 70 - 1), 0) -> 0 | F71: =IF(70<=COUNTIF(Data_Monitoring!$A$2:$A$2920, Dashboard_Visual!$B$4), INDEX(Data_Monitoring!$O$2:$O$2920, MATCH(Dashboard_Visual!$B$4, Data_Monitoring!$A$2:$A$2920, 0) + 70 - 1), 0) -> 0 | G71: =IF(70<=COUNTIF(Data_Monitoring!$A$2:$A$2920, Dashboard_Visual!$B$4), INDEX(Data_Monitoring!$Q$2:$Q$2920, MATCH(Dashboard_Visual!$B$4, Data_Monitoring!$A$2:$A$2920, 0) + 70 - 1), 0) -> 0 | H71: =IF(70<=COUNTIF(Data_Monitoring!$A$2:$A$2920, Dashboard_Visual!$B$4), INDEX(Data_Monitoring!$L$2:$L$2920, MATCH(Dashboard_Visual!$B$4, Data_Monitoring!$A$2:$A$2920, 0) + 70 - 1), "") | I71: =IF(AND(70<=$P$2, ISNUMBER(D71), OR(H71="Warning", H71="Overgrade")), TEXT(ABS(D71)/100, "0.00%"), "") | J71: =IF(H71="Aman", C71, NA()) -> #N/A | K71: =IF(AND(70<=$P$2, H71="Warning"), C71, NA()) -> #N/A | L71: =IF(AND(70<=$P$2, H71="Overgrade"), C71, NA()) -> #N/A | M71: =IF(70<=COUNTIF(Data_Monitoring!$A$2:$A$2920, Dashboard_Visual!$B$4), INDEX(Data_Monitoring!$S$2:$S$2920, MATCH(Dashboard_Visual!$B$4, Data_Monitoring!$A$2:$A$2920, 0) + 70 - 1), 1) -> 1
A72: =IF(71<=COUNTIF(Data_Monitoring!$A$2:$A$2920, Dashboard_Visual!$B$4), INDEX(Data_Monitoring!$B$2:$B$2920, MATCH(Dashboard_Visual!$B$4, Data_Monitoring!$A$2:$A$2920, 0) + 71 - 1), "") | B72: =IF(71<=COUNTIF(Data_Monitoring!$A$2:$A$2920, Dashboard_Visual!$B$4), INDEX(Data_Monitoring!$C$2:$C$2920, MATCH(Dashboard_Visual!$B$4, Data_Monitoring!$A$2:$A$2920, 0) + 71 - 1), "") | C72: =IF(71<=COUNTIF(Data_Monitoring!$A$2:$A$2920, Dashboard_Visual!$B$4), INDEX(Data_Monitoring!$J$2:$J$2920, MATCH(Dashboard_Visual!$B$4, Data_Monitoring!$A$2:$A$2920, 0) + 71 - 1), NA()) -> #N/A | D72: =IF(71<=COUNTIF(Data_Monitoring!$A$2:$A$2920, Dashboard_Visual!$B$4), INDEX(Data_Monitoring!$K$2:$K$2920, MATCH(Dashboard_Visual!$B$4, Data_Monitoring!$A$2:$A$2920, 0) + 71 - 1), NA()) -> #N/A | E72: =IF(71<=COUNTIF(Data_Monitoring!$A$2:$A$2920, Dashboard_Visual!$B$4), INDEX(Data_Monitoring!$H$2:$H$2920, MATCH(Dashboard_Visual!$B$4, Data_Monitoring!$A$2:$A$2920, 0) + 71 - 1), 0) -> 0 | F72: =IF(71<=COUNTIF(Data_Monitoring!$A$2:$A$2920, Dashboard_Visual!$B$4), INDEX(Data_Monitoring!$O$2:$O$2920, MATCH(Dashboard_Visual!$B$4, Data_Monitoring!$A$2:$A$2920, 0) + 71 - 1), 0) -> 0 | G72: =IF(71<=COUNTIF(Data_Monitoring!$A$2:$A$2920, Dashboard_Visual!$B$4), INDEX(Data_Monitoring!$Q$2:$Q$2920, MATCH(Dashboard_Visual!$B$4, Data_Monitoring!$A$2:$A$2920, 0) + 71 - 1), 0) -> 0 | H72: =IF(71<=COUNTIF(Data_Monitoring!$A$2:$A$2920, Dashboard_Visual!$B$4), INDEX(Data_Monitoring!$L$2:$L$2920, MATCH(Dashboard_Visual!$B$4, Data_Monitoring!$A$2:$A$2920, 0) + 71 - 1), "") | I72: =IF(AND(71<=$P$2, ISNUMBER(D72), OR(H72="Warning", H72="Overgrade")), TEXT(ABS(D72)/100, "0.00%"), "") | J72: =IF(H72="Aman", C72, NA()) -> #N/A | K72: =IF(AND(71<=$P$2, H72="Warning"), C72, NA()) -> #N/A | L72: =IF(AND(71<=$P$2, H72="Overgrade"), C72, NA()) -> #N/A | M72: =IF(71<=COUNTIF(Data_Monitoring!$A$2:$A$2920, Dashboard_Visual!$B$4), INDEX(Data_Monitoring!$S$2:$S$2920, MATCH(Dashboard_Visual!$B$4, Data_Monitoring!$A$2:$A$2920, 0) + 71 - 1), 1) -> 1
A73: =IF(72<=COUNTIF(Data_Monitoring!$A$2:$A$2920, Dashboard_Visual!$B$4), INDEX(Data_Monitoring!$B$2:$B$2920, MATCH(Dashboard_Visual!$B$4, Data_Monitoring!$A$2:$A$2920, 0) + 72 - 1), "") | B73: =IF(72<=COUNTIF(Data_Monitoring!$A$2:$A$2920, Dashboard_Visual!$B$4), INDEX(Data_Monitoring!$C$2:$C$2920, MATCH(Dashboard_Visual!$B$4, Data_Monitoring!$A$2:$A$2920, 0) + 72 - 1), "") | C73: =IF(72<=COUNTIF(Data_Monitoring!$A$2:$A$2920, Dashboard_Visual!$B$4), INDEX(Data_Monitoring!$J$2:$J$2920, MATCH(Dashboard_Visual!$B$4, Data_Monitoring!$A$2:$A$2920, 0) + 72 - 1), NA()) -> #N/A | D73: =IF(72<=COUNTIF(Data_Monitoring!$A$2:$A$2920, Dashboard_Visual!$B$4), INDEX(Data_Monitoring!$K$2:$K$2920, MATCH(Dashboard_Visual!$B$4, Data_Monitoring!$A$2:$A$2920, 0) + 72 - 1), NA()) -> #N/A | E73: =IF(72<=COUNTIF(Data_Monitoring!$A$2:$A$2920, Dashboard_Visual!$B$4), INDEX(Data_Monitoring!$H$2:$H$2920, MATCH(Dashboard_Visual!$B$4, Data_Monitoring!$A$2:$A$2920, 0) + 72 - 1), 0) -> 0 | F73: =IF(72<=COUNTIF(Data_Monitoring!$A$2:$A$2920, Dashboard_Visual!$B$4), INDEX(Data_Monitoring!$O$2:$O$2920, MATCH(Dashboard_Visual!$B$4, Data_Monitoring!$A$2:$A$2920, 0) + 72 - 1), 0) -> 0 | G73: =IF(72<=COUNTIF(Data_Monitoring!$A$2:$A$2920, Dashboard_Visual!$B$4), INDEX(Data_Monitoring!$Q$2:$Q$2920, MATCH(Dashboard_Visual!$B$4, Data_Monitoring!$A$2:$A$2920, 0) + 72 - 1), 0) -> 0 | H73: =IF(72<=COUNTIF(Data_Monitoring!$A$2:$A$2920, Dashboard_Visual!$B$4), INDEX(Data_Monitoring!$L$2:$L$2920, MATCH(Dashboard_Visual!$B$4, Data_Monitoring!$A$2:$A$2920, 0) + 72 - 1), "") | I73: =IF(AND(72<=$P$2, ISNUMBER(D73), OR(H73="Warning", H73="Overgrade")), TEXT(ABS(D73)/100, "0.00%"), "") | J73: =IF(H73="Aman", C73, NA()) -> #N/A | K73: =IF(AND(72<=$P$2, H73="Warning"), C73, NA()) -> #N/A | L73: =IF(AND(72<=$P$2, H73="Overgrade"), C73, NA()) -> #N/A | M73: =IF(72<=COUNTIF(Data_Monitoring!$A$2:$A$2920, Dashboard_Visual!$B$4), INDEX(Data_Monitoring!$S$2:$S$2920, MATCH(Dashboard_Visual!$B$4, Data_Monitoring!$A$2:$A$2920, 0) + 72 - 1), 1) -> 1
A74: =IF(73<=COUNTIF(Data_Monitoring!$A$2:$A$2920, Dashboard_Visual!$B$4), INDEX(Data_Monitoring!$B$2:$B$2920, MATCH(Dashboard_Visual!$B$4, Data_Monitoring!$A$2:$A$2920, 0) + 73 - 1), "") | B74: =IF(73<=COUNTIF(Data_Monitoring!$A$2:$A$2920, Dashboard_Visual!$B$4), INDEX(Data_Monitoring!$C$2:$C$2920, MATCH(Dashboard_Visual!$B$4, Data_Monitoring!$A$2:$A$2920, 0) + 73 - 1), "") | C74: =IF(73<=COUNTIF(Data_Monitoring!$A$2:$A$2920, Dashboard_Visual!$B$4), INDEX(Data_Monitoring!$J$2:$J$2920, MATCH(Dashboard_Visual!$B$4, Data_Monitoring!$A$2:$A$2920, 0) + 73 - 1), NA()) -> #N/A | D74: =IF(73<=COUNTIF(Data_Monitoring!$A$2:$A$2920, Dashboard_Visual!$B$4), INDEX(Data_Monitoring!$K$2:$K$2920, MATCH(Dashboard_Visual!$B$4, Data_Monitoring!$A$2:$A$2920, 0) + 73 - 1), NA()) -> #N/A | E74: =IF(73<=COUNTIF(Data_Monitoring!$A$2:$A$2920, Dashboard_Visual!$B$4), INDEX(Data_Monitoring!$H$2:$H$2920, MATCH(Dashboard_Visual!$B$4, Data_Monitoring!$A$2:$A$2920, 0) + 73 - 1), 0) -> 0 | F74: =IF(73<=COUNTIF(Data_Monitoring!$A$2:$A$2920, Dashboard_Visual!$B$4), INDEX(Data_Monitoring!$O$2:$O$2920, MATCH(Dashboard_Visual!$B$4, Data_Monitoring!$A$2:$A$2920, 0) + 73 - 1), 0) -> 0 | G74: =IF(73<=COUNTIF(Data_Monitoring!$A$2:$A$2920, Dashboard_Visual!$B$4), INDEX(Data_Monitoring!$Q$2:$Q$2920, MATCH(Dashboard_Visual!$B$4, Data_Monitoring!$A$2:$A$2920, 0) + 73 - 1), 0) -> 0 | H74: =IF(73<=COUNTIF(Data_Monitoring!$A$2:$A$2920, Dashboard_Visual!$B$4), INDEX(Data_Monitoring!$L$2:$L$2920, MATCH(Dashboard_Visual!$B$4, Data_Monitoring!$A$2:$A$2920, 0) + 73 - 1), "") | I74: =IF(AND(73<=$P$2, ISNUMBER(D74), OR(H74="Warning", H74="Overgrade")), TEXT(ABS(D74)/100, "0.00%"), "") | J74: =IF(H74="Aman", C74, NA()) -> #N/A | K74: =IF(AND(73<=$P$2, H74="Warning"), C74, NA()) -> #N/A | L74: =IF(AND(73<=$P$2, H74="Overgrade"), C74, NA()) -> #N/A | M74: =IF(73<=COUNTIF(Data_Monitoring!$A$2:$A$2920, Dashboard_Visual!$B$4), INDEX(Data_Monitoring!$S$2:$S$2920, MATCH(Dashboard_Visual!$B$4, Data_Monitoring!$A$2:$A$2920, 0) + 73 - 1), 1) -> 1
A75: =IF(74<=COUNTIF(Data_Monitoring!$A$2:$A$2920, Dashboard_Visual!$B$4), INDEX(Data_Monitoring!$B$2:$B$2920, MATCH(Dashboard_Visual!$B$4, Data_Monitoring!$A$2:$A$2920, 0) + 74 - 1), "") | B75: =IF(74<=COUNTIF(Data_Monitoring!$A$2:$A$2920, Dashboard_Visual!$B$4), INDEX(Data_Monitoring!$C$2:$C$2920, MATCH(Dashboard_Visual!$B$4, Data_Monitoring!$A$2:$A$2920, 0) + 74 - 1), "") | C75: =IF(74<=COUNTIF(Data_Monitoring!$A$2:$A$2920, Dashboard_Visual!$B$4), INDEX(Data_Monitoring!$J$2:$J$2920, MATCH(Dashboard_Visual!$B$4, Data_Monitoring!$A$2:$A$2920, 0) + 74 - 1), NA()) -> #N/A | D75: =IF(74<=COUNTIF(Data_Monitoring!$A$2:$A$2920, Dashboard_Visual!$B$4), INDEX(Data_Monitoring!$K$2:$K$2920, MATCH(Dashboard_Visual!$B$4, Data_Monitoring!$A$2:$A$2920, 0) + 74 - 1), NA()) -> #N/A | E75: =IF(74<=COUNTIF(Data_Monitoring!$A$2:$A$2920, Dashboard_Visual!$B$4), INDEX(Data_Monitoring!$H$2:$H$2920, MATCH(Dashboard_Visual!$B$4, Data_Monitoring!$A$2:$A$2920, 0) + 74 - 1), 0) -> 0 | F75: =IF(74<=COUNTIF(Data_Monitoring!$A$2:$A$2920, Dashboard_Visual!$B$4), INDEX(Data_Monitoring!$O$2:$O$2920, MATCH(Dashboard_Visual!$B$4, Data_Monitoring!$A$2:$A$2920, 0) + 74 - 1), 0) -> 0 | G75: =IF(74<=COUNTIF(Data_Monitoring!$A$2:$A$2920, Dashboard_Visual!$B$4), INDEX(Data_Monitoring!$Q$2:$Q$2920, MATCH(Dashboard_Visual!$B$4, Data_Monitoring!$A$2:$A$2920, 0) + 74 - 1), 0) -> 0 | H75: =IF(74<=COUNTIF(Data_Monitoring!$A$2:$A$2920, Dashboard_Visual!$B$4), INDEX(Data_Monitoring!$L$2:$L$2920, MATCH(Dashboard_Visual!$B$4, Data_Monitoring!$A$2:$A$2920, 0) + 74 - 1), "") | I75: =IF(AND(74<=$P$2, ISNUMBER(D75), OR(H75="Warning", H75="Overgrade")), TEXT(ABS(D75)/100, "0.00%"), "") | J75: =IF(H75="Aman", C75, NA()) -> #N/A | K75: =IF(AND(74<=$P$2, H75="Warning"), C75, NA()) -> #N/A | L75: =IF(AND(74<=$P$2, H75="Overgrade"), C75, NA()) -> #N/A | M75: =IF(74<=COUNTIF(Data_Monitoring!$A$2:$A$2920, Dashboard_Visual!$B$4), INDEX(Data_Monitoring!$S$2:$S$2920, MATCH(Dashboard_Visual!$B$4, Data_Monitoring!$A$2:$A$2920, 0) + 74 - 1), 1) -> 1
A76: =IF(75<=COUNTIF(Data_Monitoring!$A$2:$A$2920, Dashboard_Visual!$B$4), INDEX(Data_Monitoring!$B$2:$B$2920, MATCH(Dashboard_Visual!$B$4, Data_Monitoring!$A$2:$A$2920, 0) + 75 - 1), "") | B76: =IF(75<=COUNTIF(Data_Monitoring!$A$2:$A$2920, Dashboard_Visual!$B$4), INDEX(Data_Monitoring!$C$2:$C$2920, MATCH(Dashboard_Visual!$B$4, Data_Monitoring!$A$2:$A$2920, 0) + 75 - 1), "") | C76: =IF(75<=COUNTIF(Data_Monitoring!$A$2:$A$2920, Dashboard_Visual!$B$4), INDEX(Data_Monitoring!$J$2:$J$2920, MATCH(Dashboard_Visual!$B$4, Data_Monitoring!$A$2:$A$2920, 0) + 75 - 1), NA()) -> #N/A | D76: =IF(75<=COUNTIF(Data_Monitoring!$A$2:$A$2920, Dashboard_Visual!$B$4), INDEX(Data_Monitoring!$K$2:$K$2920, MATCH(Dashboard_Visual!$B$4, Data_Monitoring!$A$2:$A$2920, 0) + 75 - 1), NA()) -> #N/A | E76: =IF(75<=COUNTIF(Data_Monitoring!$A$2:$A$2920, Dashboard_Visual!$B$4), INDEX(Data_Monitoring!$H$2:$H$2920, MATCH(Dashboard_Visual!$B$4, Data_Monitoring!$A$2:$A$2920, 0) + 75 - 1), 0) -> 0 | F76: =IF(75<=COUNTIF(Data_Monitoring!$A$2:$A$2920, Dashboard_Visual!$B$4), INDEX(Data_Monitoring!$O$2:$O$2920, MATCH(Dashboard_Visual!$B$4, Data_Monitoring!$A$2:$A$2920, 0) + 75 - 1), 0) -> 0 | G76: =IF(75<=COUNTIF(Data_Monitoring!$A$2:$A$2920, Dashboard_Visual!$B$4), INDEX(Data_Monitoring!$Q$2:$Q$2920, MATCH(Dashboard_Visual!$B$4, Data_Monitoring!$A$2:$A$2920, 0) + 75 - 1), 0) -> 0 | H76: =IF(75<=COUNTIF(Data_Monitoring!$A$2:$A$2920, Dashboard_Visual!$B$4), INDEX(Data_Monitoring!$L$2:$L$2920, MATCH(Dashboard_Visual!$B$4, Data_Monitoring!$A$2:$A$2920, 0) + 75 - 1), "") | I76: =IF(AND(75<=$P$2, ISNUMBER(D76), OR(H76="Warning", H76="Overgrade")), TEXT(ABS(D76)/100, "0.00%"), "") | J76: =IF(H76="Aman", C76, NA()) -> #N/A | K76: =IF(AND(75<=$P$2, H76="Warning"), C76, NA()) -> #N/A | L76: =IF(AND(75<=$P$2, H76="Overgrade"), C76, NA()) -> #N/A | M76: =IF(75<=COUNTIF(Data_Monitoring!$A$2:$A$2920, Dashboard_Visual!$B$4), INDEX(Data_Monitoring!$S$2:$S$2920, MATCH(Dashboard_Visual!$B$4, Data_Monitoring!$A$2:$A$2920, 0) + 75 - 1), 1) -> 1
A77: =IF(76<=COUNTIF(Data_Monitoring!$A$2:$A$2920, Dashboard_Visual!$B$4), INDEX(Data_Monitoring!$B$2:$B$2920, MATCH(Dashboard_Visual!$B$4, Data_Monitoring!$A$2:$A$2920, 0) + 76 - 1), "") | B77: =IF(76<=COUNTIF(Data_Monitoring!$A$2:$A$2920, Dashboard_Visual!$B$4), INDEX(Data_Monitoring!$C$2:$C$2920, MATCH(Dashboard_Visual!$B$4, Data_Monitoring!$A$2:$A$2920, 0) + 76 - 1), "") | C77: =IF(76<=COUNTIF(Data_Monitoring!$A$2:$A$2920, Dashboard_Visual!$B$4), INDEX(Data_Monitoring!$J$2:$J$2920, MATCH(Dashboard_Visual!$B$4, Data_Monitoring!$A$2:$A$2920, 0) + 76 - 1), NA()) -> #N/A | D77: =IF(76<=COUNTIF(Data_Monitoring!$A$2:$A$2920, Dashboard_Visual!$B$4), INDEX(Data_Monitoring!$K$2:$K$2920, MATCH(Dashboard_Visual!$B$4, Data_Monitoring!$A$2:$A$2920, 0) + 76 - 1), NA()) -> #N/A | E77: =IF(76<=COUNTIF(Data_Monitoring!$A$2:$A$2920, Dashboard_Visual!$B$4), INDEX(Data_Monitoring!$H$2:$H$2920, MATCH(Dashboard_Visual!$B$4, Data_Monitoring!$A$2:$A$2920, 0) + 76 - 1), 0) -> 0 | F77: =IF(76<=COUNTIF(Data_Monitoring!$A$2:$A$2920, Dashboard_Visual!$B$4), INDEX(Data_Monitoring!$O$2:$O$2920, MATCH(Dashboard_Visual!$B$4, Data_Monitoring!$A$2:$A$2920, 0) + 76 - 1), 0) -> 0 | G77: =IF(76<=COUNTIF(Data_Monitoring!$A$2:$A$2920, Dashboard_Visual!$B$4), INDEX(Data_Monitoring!$Q$2:$Q$2920, MATCH(Dashboard_Visual!$B$4, Data_Monitoring!$A$2:$A$2920, 0) + 76 - 1), 0) -> 0 | H77: =IF(76<=COUNTIF(Data_Monitoring!$A$2:$A$2920, Dashboard_Visual!$B$4), INDEX(Data_Monitoring!$L$2:$L$2920, MATCH(Dashboard_Visual!$B$4, Data_Monitoring!$A$2:$A$2920, 0) + 76 - 1), "") | I77: =IF(AND(76<=$P$2, ISNUMBER(D77), OR(H77="Warning", H77="Overgrade")), TEXT(ABS(D77)/100, "0.00%"), "") | J77: =IF(H77="Aman", C77, NA()) -> #N/A | K77: =IF(AND(76<=$P$2, H77="Warning"), C77, NA()) -> #N/A | L77: =IF(AND(76<=$P$2, H77="Overgrade"), C77, NA()) -> #N/A | M77: =IF(76<=COUNTIF(Data_Monitoring!$A$2:$A$2920, Dashboard_Visual!$B$4), INDEX(Data_Monitoring!$S$2:$S$2920, MATCH(Dashboard_Visual!$B$4, Data_Monitoring!$A$2:$A$2920, 0) + 76 - 1), 1) -> 1
A78: =IF(77<=COUNTIF(Data_Monitoring!$A$2:$A$2920, Dashboard_Visual!$B$4), INDEX(Data_Monitoring!$B$2:$B$2920, MATCH(Dashboard_Visual!$B$4, Data_Monitoring!$A$2:$A$2920, 0) + 77 - 1), "") | B78: =IF(77<=COUNTIF(Data_Monitoring!$A$2:$A$2920, Dashboard_Visual!$B$4), INDEX(Data_Monitoring!$C$2:$C$2920, MATCH(Dashboard_Visual!$B$4, Data_Monitoring!$A$2:$A$2920, 0) + 77 - 1), "") | C78: =IF(77<=COUNTIF(Data_Monitoring!$A$2:$A$2920, Dashboard_Visual!$B$4), INDEX(Data_Monitoring!$J$2:$J$2920, MATCH(Dashboard_Visual!$B$4, Data_Monitoring!$A$2:$A$2920, 0) + 77 - 1), NA()) -> #N/A | D78: =IF(77<=COUNTIF(Data_Monitoring!$A$2:$A$2920, Dashboard_Visual!$B$4), INDEX(Data_Monitoring!$K$2:$K$2920, MATCH(Dashboard_Visual!$B$4, Data_Monitoring!$A$2:$A$2920, 0) + 77 - 1), NA()) -> #N/A | E78: =IF(77<=COUNTIF(Data_Monitoring!$A$2:$A$2920, Dashboard_Visual!$B$4), INDEX(Data_Monitoring!$H$2:$H$2920, MATCH(Dashboard_Visual!$B$4, Data_Monitoring!$A$2:$A$2920, 0) + 77 - 1), 0) -> 0 | F78: =IF(77<=COUNTIF(Data_Monitoring!$A$2:$A$2920, Dashboard_Visual!$B$4), INDEX(Data_Monitoring!$O$2:$O$2920, MATCH(Dashboard_Visual!$B$4, Data_Monitoring!$A$2:$A$2920, 0) + 77 - 1), 0) -> 0 | G78: =IF(77<=COUNTIF(Data_Monitoring!$A$2:$A$2920, Dashboard_Visual!$B$4), INDEX(Data_Monitoring!$Q$2:$Q$2920, MATCH(Dashboard_Visual!$B$4, Data_Monitoring!$A$2:$A$2920, 0) + 77 - 1), 0) -> 0 | H78: =IF(77<=COUNTIF(Data_Monitoring!$A$2:$A$2920, Dashboard_Visual!$B$4), INDEX(Data_Monitoring!$L$2:$L$2920, MATCH(Dashboard_Visual!$B$4, Data_Monitoring!$A$2:$A$2920, 0) + 77 - 1), "") | I78: =IF(AND(77<=$P$2, ISNUMBER(D78), OR(H78="Warning", H78="Overgrade")), TEXT(ABS(D78)/100, "0.00%"), "") | J78: =IF(H78="Aman", C78, NA()) -> #N/A | K78: =IF(AND(77<=$P$2, H78="Warning"), C78, NA()) -> #N/A | L78: =IF(AND(77<=$P$2, H78="Overgrade"), C78, NA()) -> #N/A | M78: =IF(77<=COUNTIF(Data_Monitoring!$A$2:$A$2920, Dashboard_Visual!$B$4), INDEX(Data_Monitoring!$S$2:$S$2920, MATCH(Dashboard_Visual!$B$4, Data_Monitoring!$A$2:$A$2920, 0) + 77 - 1), 1) -> 1
A79: =IF(78<=COUNTIF(Data_Monitoring!$A$2:$A$2920, Dashboard_Visual!$B$4), INDEX(Data_Monitoring!$B$2:$B$2920, MATCH(Dashboard_Visual!$B$4, Data_Monitoring!$A$2:$A$2920, 0) + 78 - 1), "") | B79: =IF(78<=COUNTIF(Data_Monitoring!$A$2:$A$2920, Dashboard_Visual!$B$4), INDEX(Data_Monitoring!$C$2:$C$2920, MATCH(Dashboard_Visual!$B$4, Data_Monitoring!$A$2:$A$2920, 0) + 78 - 1), "") | C79: =IF(78<=COUNTIF(Data_Monitoring!$A$2:$A$2920, Dashboard_Visual!$B$4), INDEX(Data_Monitoring!$J$2:$J$2920, MATCH(Dashboard_Visual!$B$4, Data_Monitoring!$A$2:$A$2920, 0) + 78 - 1), NA()) -> #N/A | D79: =IF(78<=COUNTIF(Data_Monitoring!$A$2:$A$2920, Dashboard_Visual!$B$4), INDEX(Data_Monitoring!$K$2:$K$2920, MATCH(Dashboard_Visual!$B$4, Data_Monitoring!$A$2:$A$2920, 0) + 78 - 1), NA()) -> #N/A | E79: =IF(78<=COUNTIF(Data_Monitoring!$A$2:$A$2920, Dashboard_Visual!$B$4), INDEX(Data_Monitoring!$H$2:$H$2920, MATCH(Dashboard_Visual!$B$4, Data_Monitoring!$A$2:$A$2920, 0) + 78 - 1), 0) -> 0 | F79: =IF(78<=COUNTIF(Data_Monitoring!$A$2:$A$2920, Dashboard_Visual!$B$4), INDEX(Data_Monitoring!$O$2:$O$2920, MATCH(Dashboard_Visual!$B$4, Data_Monitoring!$A$2:$A$2920, 0) + 78 - 1), 0) -> 0 | G79: =IF(78<=COUNTIF(Data_Monitoring!$A$2:$A$2920, Dashboard_Visual!$B$4), INDEX(Data_Monitoring!$Q$2:$Q$2920, MATCH(Dashboard_Visual!$B$4, Data_Monitoring!$A$2:$A$2920, 0) + 78 - 1), 0) -> 0 | H79: =IF(78<=COUNTIF(Data_Monitoring!$A$2:$A$2920, Dashboard_Visual!$B$4), INDEX(Data_Monitoring!$L$2:$L$2920, MATCH(Dashboard_Visual!$B$4, Data_Monitoring!$A$2:$A$2920, 0) + 78 - 1), "") | I79: =IF(AND(78<=$P$2, ISNUMBER(D79), OR(H79="Warning", H79="Overgrade")), TEXT(ABS(D79)/100, "0.00%"), "") | J79: =IF(H79="Aman", C79, NA()) -> #N/A | K79: =IF(AND(78<=$P$2, H79="Warning"), C79, NA()) -> #N/A | L79: =IF(AND(78<=$P$2, H79="Overgrade"), C79, NA()) -> #N/A | M79: =IF(78<=COUNTIF(Data_Monitoring!$A$2:$A$2920, Dashboard_Visual!$B$4), INDEX(Data_Monitoring!$S$2:$S$2920, MATCH(Dashboard_Visual!$B$4, Data_Monitoring!$A$2:$A$2920, 0) + 78 - 1), 1) -> 1
A80: =IF(79<=COUNTIF(Data_Monitoring!$A$2:$A$2920, Dashboard_Visual!$B$4), INDEX(Data_Monitoring!$B$2:$B$2920, MATCH(Dashboard_Visual!$B$4, Data_Monitoring!$A$2:$A$2920, 0) + 79 - 1), "") | B80: =IF(79<=COUNTIF(Data_Monitoring!$A$2:$A$2920, Dashboard_Visual!$B$4), INDEX(Data_Monitoring!$C$2:$C$2920, MATCH(Dashboard_Visual!$B$4, Data_Monitoring!$A$2:$A$2920, 0) + 79 - 1), "") | C80: =IF(79<=COUNTIF(Data_Monitoring!$A$2:$A$2920, Dashboard_Visual!$B$4), INDEX(Data_Monitoring!$J$2:$J$2920, MATCH(Dashboard_Visual!$B$4, Data_Monitoring!$A$2:$A$2920, 0) + 79 - 1), NA()) -> #N/A | D80: =IF(79<=COUNTIF(Data_Monitoring!$A$2:$A$2920, Dashboard_Visual!$B$4), INDEX(Data_Monitoring!$K$2:$K$2920, MATCH(Dashboard_Visual!$B$4, Data_Monitoring!$A$2:$A$2920, 0) + 79 - 1), NA()) -> #N/A | E80: =IF(79<=COUNTIF(Data_Monitoring!$A$2:$A$2920, Dashboard_Visual!$B$4), INDEX(Data_Monitoring!$H$2:$H$2920, MATCH(Dashboard_Visual!$B$4, Data_Monitoring!$A$2:$A$2920, 0) + 79 - 1), 0) -> 0 | F80: =IF(79<=COUNTIF(Data_Monitoring!$A$2:$A$2920, Dashboard_Visual!$B$4), INDEX(Data_Monitoring!$O$2:$O$2920, MATCH(Dashboard_Visual!$B$4, Data_Monitoring!$A$2:$A$2920, 0) + 79 - 1), 0) -> 0 | G80: =IF(79<=COUNTIF(Data_Monitoring!$A$2:$A$2920, Dashboard_Visual!$B$4), INDEX(Data_Monitoring!$Q$2:$Q$2920, MATCH(Dashboard_Visual!$B$4, Data_Monitoring!$A$2:$A$2920, 0) + 79 - 1), 0) -> 0 | H80: =IF(79<=COUNTIF(Data_Monitoring!$A$2:$A$2920, Dashboard_Visual!$B$4), INDEX(Data_Monitoring!$L$2:$L$2920, MATCH(Dashboard_Visual!$B$4, Data_Monitoring!$A$2:$A$2920, 0) + 79 - 1), "") | I80: =IF(AND(79<=$P$2, ISNUMBER(D80), OR(H80="Warning", H80="Overgrade")), TEXT(ABS(D80)/100, "0.00%"), "") | J80: =IF(H80="Aman", C80, NA()) -> #N/A | K80: =IF(AND(79<=$P$2, H80="Warning"), C80, NA()) -> #N/A | L80: =IF(AND(79<=$P$2, H80="Overgrade"), C80, NA()) -> #N/A | M80: =IF(79<=COUNTIF(Data_Monitoring!$A$2:$A$2920, Dashboard_Visual!$B$4), INDEX(Data_Monitoring!$S$2:$S$2920, MATCH(Dashboard_Visual!$B$4, Data_Monitoring!$A$2:$A$2920, 0) + 79 - 1), 1) -> 1
A81: =IF(80<=COUNTIF(Data_Monitoring!$A$2:$A$2920, Dashboard_Visual!$B$4), INDEX(Data_Monitoring!$B$2:$B$2920, MATCH(Dashboard_Visual!$B$4, Data_Monitoring!$A$2:$A$2920, 0) + 80 - 1), "") | B81: =IF(80<=COUNTIF(Data_Monitoring!$A$2:$A$2920, Dashboard_Visual!$B$4), INDEX(Data_Monitoring!$C$2:$C$2920, MATCH(Dashboard_Visual!$B$4, Data_Monitoring!$A$2:$A$2920, 0) + 80 - 1), "") | C81: =IF(80<=COUNTIF(Data_Monitoring!$A$2:$A$2920, Dashboard_Visual!$B$4), INDEX(Data_Monitoring!$J$2:$J$2920, MATCH(Dashboard_Visual!$B$4, Data_Monitoring!$A$2:$A$2920, 0) + 80 - 1), NA()) -> #N/A | D81: =IF(80<=COUNTIF(Data_Monitoring!$A$2:$A$2920, Dashboard_Visual!$B$4), INDEX(Data_Monitoring!$K$2:$K$2920, MATCH(Dashboard_Visual!$B$4, Data_Monitoring!$A$2:$A$2920, 0) + 80 - 1), NA()) -> #N/A | E81: =IF(80<=COUNTIF(Data_Monitoring!$A$2:$A$2920, Dashboard_Visual!$B$4), INDEX(Data_Monitoring!$H$2:$H$2920, MATCH(Dashboard_Visual!$B$4, Data_Monitoring!$A$2:$A$2920, 0) + 80 - 1), 0) -> 0 | F81: =IF(80<=COUNTIF(Data_Monitoring!$A$2:$A$2920, Dashboard_Visual!$B$4), INDEX(Data_Monitoring!$O$2:$O$2920, MATCH(Dashboard_Visual!$B$4, Data_Monitoring!$A$2:$A$2920, 0) + 80 - 1), 0) -> 0 | G81: =IF(80<=COUNTIF(Data_Monitoring!$A$2:$A$2920, Dashboard_Visual!$B$4), INDEX(Data_Monitoring!$Q$2:$Q$2920, MATCH(Dashboard_Visual!$B$4, Data_Monitoring!$A$2:$A$2920, 0) + 80 - 1), 0) -> 0 | H81: =IF(80<=COUNTIF(Data_Monitoring!$A$2:$A$2920, Dashboard_Visual!$B$4), INDEX(Data_Monitoring!$L$2:$L$2920, MATCH(Dashboard_Visual!$B$4, Data_Monitoring!$A$2:$A$2920, 0) + 80 - 1), "") | I81: =IF(AND(80<=$P$2, ISNUMBER(D81), OR(H81="Warning", H81="Overgrade")), TEXT(ABS(D81)/100, "0.00%"), "") | J81: =IF(H81="Aman", C81, NA()) -> #N/A | K81: =IF(AND(80<=$P$2, H81="Warning"), C81, NA()) -> #N/A | L81: =IF(AND(80<=$P$2, H81="Overgrade"), C81, NA()) -> #N/A | M81: =IF(80<=COUNTIF(Data_Monitoring!$A$2:$A$2920, Dashboard_Visual!$B$4), INDEX(Data_Monitoring!$S$2:$S$2920, MATCH(Dashboard_Visual!$B$4, Data_Monitoring!$A$2:$A$2920, 0) + 80 - 1), 1) -> 1
A82: =IF(81<=COUNTIF(Data_Monitoring!$A$2:$A$2920, Dashboard_Visual!$B$4), INDEX(Data_Monitoring!$B$2:$B$2920, MATCH(Dashboard_Visual!$B$4, Data_Monitoring!$A$2:$A$2920, 0) + 81 - 1), "") | B82: =IF(81<=COUNTIF(Data_Monitoring!$A$2:$A$2920, Dashboard_Visual!$B$4), INDEX(Data_Monitoring!$C$2:$C$2920, MATCH(Dashboard_Visual!$B$4, Data_Monitoring!$A$2:$A$2920, 0) + 81 - 1), "") | C82: =IF(81<=COUNTIF(Data_Monitoring!$A$2:$A$2920, Dashboard_Visual!$B$4), INDEX(Data_Monitoring!$J$2:$J$2920, MATCH(Dashboard_Visual!$B$4, Data_Monitoring!$A$2:$A$2920, 0) + 81 - 1), NA()) -> #N/A | D82: =IF(81<=COUNTIF(Data_Monitoring!$A$2:$A$2920, Dashboard_Visual!$B$4), INDEX(Data_Monitoring!$K$2:$K$2920, MATCH(Dashboard_Visual!$B$4, Data_Monitoring!$A$2:$A$2920, 0) + 81 - 1), NA()) -> #N/A | E82: =IF(81<=COUNTIF(Data_Monitoring!$A$2:$A$2920, Dashboard_Visual!$B$4), INDEX(Data_Monitoring!$H$2:$H$2920, MATCH(Dashboard_Visual!$B$4, Data_Monitoring!$A$2:$A$2920, 0) + 81 - 1), 0) -> 0 | F82: =IF(81<=COUNTIF(Data_Monitoring!$A$2:$A$2920, Dashboard_Visual!$B$4), INDEX(Data_Monitoring!$O$2:$O$2920, MATCH(Dashboard_Visual!$B$4, Data_Monitoring!$A$2:$A$2920, 0) + 81 - 1), 0) -> 0 | G82: =IF(81<=COUNTIF(Data_Monitoring!$A$2:$A$2920, Dashboard_Visual!$B$4), INDEX(Data_Monitoring!$Q$2:$Q$2920, MATCH(Dashboard_Visual!$B$4, Data_Monitoring!$A$2:$A$2920, 0) + 81 - 1), 0) -> 0 | H82: =IF(81<=COUNTIF(Data_Monitoring!$A$2:$A$2920, Dashboard_Visual!$B$4), INDEX(Data_Monitoring!$L$2:$L$2920, MATCH(Dashboard_Visual!$B$4, Data_Monitoring!$A$2:$A$2920, 0) + 81 - 1), "") | I82: =IF(AND(81<=$P$2, ISNUMBER(D82), OR(H82="Warning", H82="Overgrade")), TEXT(ABS(D82)/100, "0.00%"), "") | J82: =IF(H82="Aman", C82, NA()) -> #N/A | K82: =IF(AND(81<=$P$2, H82="Warning"), C82, NA()) -> #N/A | L82: =IF(AND(81<=$P$2, H82="Overgrade"), C82, NA()) -> #N/A | M82: =IF(81<=COUNTIF(Data_Monitoring!$A$2:$A$2920, Dashboard_Visual!$B$4), INDEX(Data_Monitoring!$S$2:$S$2920, MATCH(Dashboard_Visual!$B$4, Data_Monitoring!$A$2:$A$2920, 0) + 81 - 1), 1) -> 1
A83: =IF(82<=COUNTIF(Data_Monitoring!$A$2:$A$2920, Dashboard_Visual!$B$4), INDEX(Data_Monitoring!$B$2:$B$2920, MATCH(Dashboard_Visual!$B$4, Data_Monitoring!$A$2:$A$2920, 0) + 82 - 1), "") | B83: =IF(82<=COUNTIF(Data_Monitoring!$A$2:$A$2920, Dashboard_Visual!$B$4), INDEX(Data_Monitoring!$C$2:$C$2920, MATCH(Dashboard_Visual!$B$4, Data_Monitoring!$A$2:$A$2920, 0) + 82 - 1), "") | C83: =IF(82<=COUNTIF(Data_Monitoring!$A$2:$A$2920, Dashboard_Visual!$B$4), INDEX(Data_Monitoring!$J$2:$J$2920, MATCH(Dashboard_Visual!$B$4, Data_Monitoring!$A$2:$A$2920, 0) + 82 - 1), NA()) -> #N/A | D83: =IF(82<=COUNTIF(Data_Monitoring!$A$2:$A$2920, Dashboard_Visual!$B$4), INDEX(Data_Monitoring!$K$2:$K$2920, MATCH(Dashboard_Visual!$B$4, Data_Monitoring!$A$2:$A$2920, 0) + 82 - 1), NA()) -> #N/A | E83: =IF(82<=COUNTIF(Data_Monitoring!$A$2:$A$2920, Dashboard_Visual!$B$4), INDEX(Data_Monitoring!$H$2:$H$2920, MATCH(Dashboard_Visual!$B$4, Data_Monitoring!$A$2:$A$2920, 0) + 82 - 1), 0) -> 0 | F83: =IF(82<=COUNTIF(Data_Monitoring!$A$2:$A$2920, Dashboard_Visual!$B$4), INDEX(Data_Monitoring!$O$2:$O$2920, MATCH(Dashboard_Visual!$B$4, Data_Monitoring!$A$2:$A$2920, 0) + 82 - 1), 0) -> 0 | G83: =IF(82<=COUNTIF(Data_Monitoring!$A$2:$A$2920, Dashboard_Visual!$B$4), INDEX(Data_Monitoring!$Q$2:$Q$2920, MATCH(Dashboard_Visual!$B$4, Data_Monitoring!$A$2:$A$2920, 0) + 82 - 1), 0) -> 0 | H83: =IF(82<=COUNTIF(Data_Monitoring!$A$2:$A$2920, Dashboard_Visual!$B$4), INDEX(Data_Monitoring!$L$2:$L$2920, MATCH(Dashboard_Visual!$B$4, Data_Monitoring!$A$2:$A$2920, 0) + 82 - 1), "") | I83: =IF(AND(82<=$P$2, ISNUMBER(D83), OR(H83="Warning", H83="Overgrade")), TEXT(ABS(D83)/100, "0.00%"), "") | J83: =IF(H83="Aman", C83, NA()) -> #N/A | K83: =IF(AND(82<=$P$2, H83="Warning"), C83, NA()) -> #N/A | L83: =IF(AND(82<=$P$2, H83="Overgrade"), C83, NA()) -> #N/A | M83: =IF(82<=COUNTIF(Data_Monitoring!$A$2:$A$2920, Dashboard_Visual!$B$4), INDEX(Data_Monitoring!$S$2:$S$2920, MATCH(Dashboard_Visual!$B$4, Data_Monitoring!$A$2:$A$2920, 0) + 82 - 1), 1) -> 1
